Index,Type,ID,blend,wave,e_wave,F(0),E(0),F(I),E(I),F(II),E(II),F(III),E(III),F(IV),E(IV),F(MYSO),E(MYSO),wl_obs,Notes,H2_index
7,"Fe, Ni",[Fe III] 4607.12+,True,4606.288035594971,0.117208178930649,0.03040255814062678,0.0028507427795968353,0.049103359896675934,0.012934423858154638,,,0.007849689979812181,0.00509840638944057,,,0.07150345084569389,0.007478929897765029,,,
35,High Perm,O II 4641.81+,True,4639.437584588859,0.5244482484024906,,,,,,,0.018774929549197978,0.010915824534522047,0.06251601505338926,0.026229131673482987,,,,,
42,High Perm,O II 4649.13+,True,4649.788163887461,0.0998230183418855,,,,,,,0.10282161534003083,0.013410023819774365,0.15919061001121354,0.01271270974640425,,,,,
49,"Fe, Ni",[Fe III] 4658.10,False,4658.225504950848,0.0474076910353041,0.10812994415146161,0.013793673287631985,0.13680120005961816,0.07828028384489995,0.16208385196602046,0.006147216940653659,0.07393521839430742,0.013832337306443548,,,0.7910488877924691,0.09361610087875472,,,
71,High Neb,He II  4685.68,False,4685.422797235856,0.0557181665136209,,,,,,,,,0.23352604603514776,0.010409314494603092,,,,,
83,"Fe, Ni",[Fe III] 4701.62,False,4701.557106781689,0.0700155079054178,0.03420828483753078,0.024288942840880873,,,0.06308373131191061,0.019141795028381727,0.037854479260823054,0.011379415159505803,,,0.2604408654876808,0.014587919581157271,,,
91,High Neb,[Ar IV] 4711.37+,True,4711.662440996016,0.1195039954837116,,,,,,,0.45544328638263676,0.21410403817918744,1.6290525695208427,0.15574263272859817,,,,,
110,"Fe, Ni",[Fe III] 4734.00,False,4733.308167706148,0.5954326248834941,,,,,,,,,,,0.06737699736825649,0.03209476991979939,,,
114,High Neb,[Ar IV] 4740.17,False,4740.073806274292,0.0628480202443614,,,,,,,0.2770318945703018,0.024586348969604304,1.4669336146030074,0.07375509880616325,,,,,
126,"Fe, Ni",[Fe III] 4754.81,False,4755.091582137107,0.0840180183812499,0.03535631371929947,0.01500473302957019,0.059015176292598004,0.04781211516994128,0.053868405448298184,0.005854449096032003,0.006965990970967476,0.003500970702007377,,,0.17819064142157998,0.011976979669060016,,,
138,"Fe, Ni",[Fe III] 4769.53,False,4769.249605156487,0.1972485234615103,,,,,,,0.01624786733003179,0.005514399392916842,,,0.09282815785643414,0.014648173658266908,,,
174,"Fe, Ni",[Fe II] 4814.534,False,4814.23893099208,0.0676317415310872,0.01474067828541757,0.007525125026170795,,,0.04859774979893869,0.009412844817461446,,,,,0.35147256039694935,0.019016561088028735,,,
211,Med Neb,H I 4861.32,False,4861.149338482432,0.039455153649914,100.0,3.7196712170526096,100.0,3.1564122919931217,100.0,3.6237875319031736,100.0,3.767709468374071,100.0,3.637909613196005,100.0,4.097074872992631,,,
227,"Fe, Ni",[Fe III] 4881.073,False,4880.757686024043,0.051213443232538,0.05138677572049304,0.004989568460526146,0.05942198242246094,0.02080245776948785,0.08633673323631547,0.012048829319694733,0.017769558008546717,0.006552524515651592,,,0.433399018548865,0.017756684826791998,,,
260,Med Neb,He I 4921.93,False,4921.849916629984,0.0438070804524832,0.8956527159863588,0.033094209580705594,0.828088479821083,0.038603975864747765,0.9724349525918107,0.03407962896239692,1.1612920444335546,0.057817627524107636,1.0239940881442644,0.03943278418582407,0.4129468762867902,0.07993680553674223,,,
268,"Fe, Ni",[Fe III] 4930.64,False,4928.316735730454,0.159109024305228,0.052395231392094906,0.019324658132362258,0.2974524672796989,0.25392985035470883,0.04007636974884865,0.007125856320569845,0.05478488145634833,0.006973415228157728,,,0.05546903657710319,0.027424802952445253,,,
289,Med Neb,[O III] 4958.91,False,4958.723650478452,0.0375591767296628,119.36600325987682,3.58663104956098,180.32216353980448,5.906109368085811,107.72963937603014,3.421437224170415,144.0444591100662,5.347708686960668,180.11506077376657,6.665007604348967,44.928249935163514,1.3524596561410118,,,
311,"Fe, Ni",[Fe III] 4987.20+,True,4986.265615222198,0.0552833280048436,0.15577029987177063,0.01336568357802791,0.14694970516702574,0.09121009490579642,0.29896976776386486,0.01322243498785733,0.16124032921791162,0.0075361860125781575,,,0.22846386035305583,0.025991435741960733,,,
328,Med Neb,[O III] 5006.84,False,5006.6559858167575,0.0145422897855741,331.8820635562427,6.860829182308927,431.4704834171307,5.019655043018952,335.058390188652,8.895797191845503,462.8490846773772,16.809312799884367,548.6747645923462,13.367807522762373,117.05890288397758,1.4803496256573732,,,
335,Med Neb,He I 5015.68,False,5015.555256774621,0.0413239958826988,1.9209310527704415,0.07679628509779587,1.7215874481559468,0.1473869529978167,2.204030330597369,0.1188191365257768,2.372062158714252,0.14613970649306673,1.6729299010554255,0.055305718674606576,1.0312758832484932,0.08090879312923656,,,
356,Med Perm,Si II 5041.03,False,5041.233358982327,0.1918164063770823,0.07032505954082471,0.015212140504300966,0.23334661772831325,0.03732752721752563,0.08342033286267272,0.02616226705938669,0.05240345656376697,0.018862364591031702,0.09531479302367173,0.014626352857900886,0.7127188593742454,0.31104988441984904,,,
360,Med Neb,He I 5047.74,False,5047.462277849069,0.0426201960080041,0.14627010895448694,0.0049872485710018895,0.18891392812275545,0.020319865308234222,0.15152467245068987,0.012280963721822429,0.17877195313670927,0.009148292388593767,0.15930703403975563,0.014071747338180519,0.16769128693634974,0.005831283034145882,,,
367,Med Perm,Si II 5055.98,False,5055.8808932492075,0.0581677322596169,0.047765853099197,0.03146855903197013,,,0.007764897339707618,0.0055744974256976675,0.020225665958155323,0.007341731598977875,,,0.9527381492423656,0.04433489406292231,,,
441,Neutral,O I 5146.61,False,5147.011260315313,0.2785837098981423,0.02186877226736782,0.007007304559244293,0.11285444905343182,0.02515152887665275,,,,,,,0.08129172259145045,0.050346400779839755,,,
449,"Fe, Ni",[Fe II] 5158.81,False,5158.4574558645345,0.0850308365377272,0.03514178255133025,0.020926614082416573,0.024862655923861488,0.022412087103218646,,,,,,,0.5095176021955214,0.03465976635630571,,,
475,Med Neb,[Ar  III] 5191.82,False,5190.784448837796,0.1649426773292714,0.06122124504776419,0.012311073206498319,,,0.07002695381530302,0.009240346598007453,0.07343958744246262,0.017138654472107745,0.07857599435510777,0.01981608376905113,0.07986661838851851,0.04068838010435396,,,
482,Neutral,[N I]  5199.00+,True,5198.771828615943,0.1680319109002972,0.17825245205185242,0.03174237032693101,0.7058698568684402,0.09488692871721864,0.07028257536578679,0.017753929371476736,,,,,0.48091288402048654,0.20848180694707727,,,
498,Med Perm,Si II 5219.31 ,False,5220.107504122563,0.1296811901301671,0.04010444537547211,0.011459895202536052,0.15229539244654608,0.04674364133875479,0.014093166443337727,0.0060812421621702735,,,0.050677278492111136,0.01906570646564995,0.07086050908193138,0.007351420120779505,,,
531,"Fe, Ni",[Fe II] 5261.61,False,5261.28744411429,0.088187361478776,,,,,0.015352047273466932,0.0033053460571158878,,,,,0.46982415489253115,0.03314604206317451,,,
539,"Fe, Ni",[Fe III] 5270.40+,True,5270.403790839844,0.0789725701207685,0.04432220999856998,0.009133742948541421,0.03542744490891523,0.029985072597408135,0.10234907662140054,0.006466215704223575,0.05006444553367392,0.006148450416147302,,,0.2143738332058135,0.03792984884158919,,,
589,"Fe, Ni",[Fe II] 5333.646,False,5333.181623015687,0.1378770573280179,0.04395702599820491,0.012661920800101357,0.13155535538278085,0.03365061849621977,0.018747681565021396,0.009363643614586688,,,,,0.1761752739314713,0.01943242267490298,,,
623,"Fe, Ni",[Fe II] 5376.452,False,5376.22062445513,0.1345811435347523,0.0309818378119685,0.00972697638564413,0.0789229584278788,0.027267695780444193,0.02744661639750161,0.012495066395262969,0.007391500032868741,0.0024127187262442664,,,0.09775429494543686,0.010524707839352282,,,
737,Med Neb,[Cl III] 5517.71,False,5517.568452726001,0.0325062303608188,0.28879843626904883,0.016014649474636964,0.24007891733476897,0.012878395633898422,0.3424342210314236,0.01364710762303206,0.3773085559489886,0.02378415707810432,0.27736258230604216,0.007212809595129438,0.20834781201601896,0.012564165549025683,,,
753,Med Neb,[Cl III]] 5537.88,False,5537.709705030168,0.0397962432346382,0.22873644713989724,0.009401735451626429,0.19842691689700945,0.012900798201915236,0.25675808849677695,0.008174405873822805,0.2827549554571221,0.012328390736556463,0.1917589229482477,0.006986116465799094,0.16780048456803073,0.01577251645298664,,,
785,Low Neb,[O I] 5577.34,False,5577.359443868547,0.8353291066228359,,,,,,,,,,,0.05068409247106192,0.033870318147073086,,,
914,High Perm,Si III 5739.73,False,5739.547259711386,0.0741403806870139,,,,,,,0.016192232940145417,0.0023386738889559465,0.06399663373940917,0.0037957878305017543,,,,,
926,Low Neb,[N II] 5755.08,False,5754.553505713655,0.06243438412873,0.1901386963383607,0.01197846795824923,0.023816926884923144,0.017312065362368432,0.22461260554348203,0.014837287687610709,0.05427370454233666,0.008571431217372168,,,0.4018208690291175,0.02006995079032324,,,
1018,"Fe, Ni",Ni II 5867.99,False,5867.516256669831,0.522805434006316,0.3714318973781719,0.20660382048107087,0.7109095657475523,0.29733390724791253,0.38433946283985254,0.21904624782575702,0.28681856177945375,0.1703183343988666,,,0.1598709305246455,0.10118179466459105,,,
1023,Med Neb,He I 5875.62,False,5875.533381573117,0.0372571727128364,10.835574309244594,0.4171823809150415,10.564862883496406,0.3148935369102885,10.92058071356477,0.3772751898043365,11.139446551164642,0.41785123073634894,10.97643656127384,0.4231941515586565,6.974700581360253,0.2699363784769578,,,
1089,Med Perm,Si II 5957.56,False,5957.857265039138,0.05860381877649,0.03298028721889957,0.006747059922671458,0.08926416163467624,0.0241837444987118,0.01541850055529899,0.00223103796511821,,,0.004095474704811981,0.003038901095741073,0.47840954347611353,0.022429300949454004,,,
1106,Med Perm,Si II 5978.93,False,5978.717945814194,0.0424728812996446,0.02030189296884284,0.0016585730943342706,0.0957649706331028,0.01285207216754952,0.030076530167051668,0.0016950791768100722,0.01120012347252061,0.0020614951072312065,0.010318845873079732,0.0036831911216957695,0.6091617112316583,0.0206982824427445,,,
1146,Deep Neutral?,H_2 7-2 S(7) 6029.57A,False,6029.510302880156,0.1607550166694724,0.026172093647558018,0.003774216558073552,0.022135910437380744,0.006938033785496279,,,,,,,0.01485961233000714,0.0019110057822497562,6029.57,,173.0
1153,Deep Neutral?,H_2 7-2 S(1) 6037.46A,False,6037.255594055709,0.1186752607442394,0.035878717192095094,0.003406332894352569,,,,,,,,,0.02236218558529619,0.004801671132563803,6037.4,,175.0
1160,Neutral,O I 6046.23,False,6046.131919278375,0.0454347826086927,0.019064304728419686,0.0006929460327372978,0.038908062327532696,0.0028065131798228455,0.015671656885454695,0.008387665928860836,,,,,0.5558012300901772,0.020735129278499673,,,
1190,Neutral?,H_2 7-2 S(0) 6083.08A,False,6083.61039422699,0.0875364045538714,0.008571390546003964,0.004124869864135399,,,,,,,,,0.013753774215950606,0.0009631647551280469,6083.2,,180.0
1204,High Neb,[K IV] 6101.79,False,6101.450698751172,0.0881360136315587,,,,,,,0.005246483909179715,0.0021047797603081556,0.09754230382872384,0.00687759185592164,,,,,
1300,Deep Neutral,H_2 4-0 S(5) 6221.63A,False,6221.807802213819,0.0788283390597134,0.03749891646976997,0.002364781841480721,,,,,,,,,0.02333213740431883,0.002593452185235553,6221.82,,199.0
1322,"Fe, Ni",Fe II 6248.91,False,6248.28386706733,0.1210124058484664,0.017781495459836934,0.0023021451695888527,0.08561441347069702,0.016700655844423054,0.01006036413947623,0.0074196466510409315,0.00653531997754268,0.0006326838347775883,,,0.04509444929928584,0.0059400563515570525,,,
1332,Deep Neutral?,H_2 12-5 S(1) 6261.73A,False,6261.836986423827,0.1058800429848915,0.023444608209709318,0.001985852900006371,0.054400140217744815,0.005727080794035122,0.010512411794970705,0.0021083497516238736,,,,,0.012425177290341016,0.007392044002255936,6261.68,High T(excit),205.0
1339,Deep Neutral,H_2 4-0 S(3) 6270.24A,True,6271.064375939121,0.2402177934621602,0.07937534631191627,0.015253896437074676,0.07345936611084868,0.03765232124603709,0.03640750399462229,0.01625809655049065,,,,,0.0852475340822929,0.0285649398294667,6270.67,blend 12-5 S(2),207.0
1363,Low Neb,[O I] 6300.30,False,6300.305908033264,0.0442667781818982,1.9927799594819589,0.07121178009542992,0.8391638329433451,0.5737609437949748,2.1233538553958065,0.07519522729478764,,,,,3.2407628899591403,0.11846892718018473,,,
1372,Med Neb,[S III] 6312.06,False,6311.899313363011,0.0453476107187203,1.1823465398209971,0.06988168685868222,0.7105021628331226,0.04032775834307521,1.5044231801422057,0.10624362725766247,1.5179431005574462,0.11268873903151864,0.7823360448348655,0.04287053364827784,1.3361431206432086,0.04847271847953953,,,
1377,"Fe, Ni",Fe II 6317.99,False,6317.734012825317,0.2404049820875092,,,0.19285433562509213,0.03709051448115901,,,,,,,0.09284402548999264,0.020576955931731294,,,
1401,Med Perm,Si II 6347.11,False,6346.881058088937,0.0645693201854621,0.024699630809097244,0.0012758706961402448,0.0696862367839143,0.010580617663124748,0.02579940070348679,0.001501316680072198,0.016358239309422377,0.003642172533275314,0.0077251048113710415,0.006872632499329761,0.6405533140833514,0.09336358485094323,,,
1414,Low Neb,[O I] 6363.78 ,False,6363.837549476322,0.0415073365410074,0.675212146730922,0.022421006248749202,0.3747495879234802,0.12298471603086962,0.7401236317348597,0.02580369579110305,,,,,1.1322326817066135,0.057386169733990244,,,
1420,Med Perm,Si II 6371.36 ,False,6370.434750586739,0.0823888552544345,0.01913261476661735,0.003100236920789574,0.04301331922947049,0.005942306538470301,0.06774168096203724,0.009695295780740246,0.1079895880289775,0.09394383481116075,,,0.7281338967221612,0.0479920945783116,,,
1430,"Fe, Ni",Fe II 6383.73+,True,6384.490347255978,0.1410632943504515,,,,,,,0.011007989527293214,0.0037730330137629884,,,0.024834030938267807,0.002802536172922473,,,
1470,Deep Neutral?,H_2 4-0 S(12) 6434.04A,False,6433.50347621558,0.1217541131015999,0.03908918113339641,0.00669782266977915,0.035372183508672495,0.0142260591340316,0.004950388900218633,0.004222104604370476,,,,,0.041223791197857594,0.004015332908784554,6434.16,blend 4-0 S(0),238.0
1484,Deep Neutral?,H_2 8-3 S(3) 6450.83A,False,6451.198619237837,0.4292651420916598,0.016710562092980254,0.0057386094490197385,,,,,,,,,,,6451.2,,243.0
1488,"Fe, Ni",Fe II 6455.8427,False,6456.487147833953,0.1181091159907164,,,,,0.008765740681947201,0.0013615097497319663,,,,,0.08071979352486748,0.007626994764940205,,,
1490,Deep Neutral?,H_2 8-3 S(5) 6459.07A,False,6457.472661629851,0.09255674415616,0.0412821090836441,0.0030567500869452284,,,,,,,,,0.0783868143921661,0.05308713193860044,6459.25,,244.0
1498,Deep Neutral?,H_2 8-3 S(2) 6469.13A,False,6467.6683798631375,0.2471738905970553,0.05313119544532791,0.012392185108429802,0.12239606972572482,0.024202490198316693,0.016456578412180504,0.00521540279287846,,,,,0.06210914741111209,0.028398791130847034,6468.07,elam = 2 sig,246.0
1512,Deep Neutral?,H_2 8-3 S(6) 6486.30A,False,6487.6155733436835,0.1749124605592707,0.020429314367880314,0.002858673314899846,0.036992108758639966,0.027893994858784795,,,,,,,0.01339349651742668,0.012058180441716361,6486.27,,248.0
1517,"Fe, Ni",Fe II 6493.04+,True,6491.3885816942375,0.3442824287370564,,,,,,,,,,,0.019344961776205667,0.005328104339310087,,,
1524,Deep Neutral?,H_2 8-3 S(1) 6502.09A,False,6501.754706425343,0.0007927447995941,0.045547560092416506,0.002179926225930497,0.0559933051964211,0.008161193096655299,0.015025406640838497,9.529050381049293e-06,,,,,0.013620415169805295,0.0011622295770292712,6501.74,,250.0
1536,"Fe, Ni",Fe II 6517.03,False,6517.044658189038,0.2146027986602889,0.0323972537505306,0.022155514411793503,,,0.012985490353228766,0.005472087361146116,0.0014078204192330976,0.0013340418651264397,,,0.10396538319286817,0.017849009757583096,,,
1547,Neutral?,H_2 8-3 S(7) 6529.62A,True,6529.190932338069,0.0609202952952946,0.05079141760953622,0.002475382527391659,0.1122981973041456,0.011569618335749791,0.020685589603016533,0.004327223857464609,,,,,0.013791755943250588,0.007114844630047039,6529.28,,254.0
1561,Low Neb,[N II] 6548.05,False,6547.97069203402,0.0605901340605037,2.4896621871012994,0.12067917254546778,0.6488537651509573,0.5606594217867998,2.8850861242919095,0.15119824283670635,0.7386681321476226,0.10912744672016378,,,5.445798862421945,0.28841804529964077,,,
1573,Med Neb,H I 6562.79,False,6562.627975717881,0.0361800428469006,282.1078880422957,10.655585191006052,282.0902686213806,8.164830404332218,282.12295891792996,9.350867189549017,282.12426759866486,10.15360817055284,282.06964790617417,10.753112263214284,282.10566427351057,11.502050952796827,,,
1590,Low Neb,[N II] 6583.45,False,6583.402733809796,0.0214376689619683,8.63107995131544,0.25408273064948333,4.365796294546498,0.34572377844281604,10.447291709593333,0.3836206712242094,2.8328608478783046,0.10166842248161995,,,13.165550037757836,0.22579096272934637,,,
1616,Deep Neutral?,H_2 4-0 Q(3) 6615.09A,False,6615.963263352828,0.1027451602665797,0.008415229129743082,0.002854803832112495,0.01381786359654489,0.0052244982108784095,0.005175547139882279,0.00477235562625474,,,,,0.005484594630362146,0.00045081244343502506,6615.0,,265.0
1626,Deep Neutral?,H_2 5-1 S(5) 6629.04A,True,6628.1501600192905,0.3215266397137427,0.06309475741281258,0.01622931626759631,0.04385820738170331,0.040206814524948536,0.021024069302186515,0.01073540742149446,,,,,0.11750879585675154,0.05700602592134561,6628.78,,268.0
1632,Deep Neutral?,H_2 5-1 S(7) 6636.69A,False,6637.268515118052,0.1526761257191888,0.05964355672985889,0.007284917732502004,0.03415386570512835,0.005419398090959242,0.014900446343396097,0.004130339772259127,,,,,0.1579339668571249,0.06276059358521557,6636.76,,269.0
1640,Deep Neutral?,H_2 5-1 S(4) 6645.58A,False,6645.6482360608015,0.0480572422733154,0.035754211808603886,0.0022356222266938335,0.028286573432547514,0.006847091908073854,0.008047255090752452,0.0019573388899542616,,,,,0.02036352586564316,0.0007828919168513109,6645.64,,270.0
1648,Deep Neutral?,H_2 8-3 Q(1) 6656.12A,False,6656.316098051379,0.099541652829918,0.03026446835644935,0.0024100601617757763,0.018833084535798485,0.014189617530500834,0.01559621470099072,0.002000395855005396,,,,,0.008542066636640653,0.0019057568625789182,6655.89,,272.0
1657,"Fe, Ni",[Ni II]  6666.80,False,6667.175421127644,0.1349629950707236,0.026872433409691535,0.0029014272782484384,,,0.013995976182805,0.0028490536758890564,,,,,0.16780966143968684,0.028281700685261656,,,
1665,Med Neb,He I 6678.15,False,6677.98591459326,0.0374740946771378,2.4969047649390737,0.12320107165743077,2.5294932206952803,0.07583237475001063,2.548268455395277,0.21078615977369555,2.644902163283945,0.2339363852241651,2.5800919736402874,0.19038743762479354,1.5629893778087078,0.048861425000276605,,,
1682,Deep Neutral?,H_2 5-1 S(9) 6699.11A,False,6699.359896294255,0.0549605411499411,0.027720337073120653,0.002110495871913759,0.02444516479443289,0.0010748155884812162,0.0025069213696595942,0.0023192690155579214,,,,,0.011563530990441304,0.0022828322812969842,6699.27,,280.0
1696,Low Neb,[S II] 6716.44,False,6716.42179056489,0.0375983443604818,14.397249111692476,0.4555081842902857,5.976186057545379,1.0154545573535938,17.67736548281531,0.5317117398471883,2.556963577103836,0.14692964815565332,,,13.4958393349697,0.48907218053767765,,,
1708,Low Neb,[S II] 6730.816,False,6730.860862589624,0.0210436147239307,11.029603023511102,0.3169141708559933,7.1089158129564956,0.5061741601866573,13.231218751172953,0.5045362706591069,2.2545030677709783,0.09373777066956702,,,11.15132097445711,0.18773128179949033,,,
1744,Deep Neutral,H_2 5-1 S(1) 6776.75A,False,6776.823690078076,0.1172239249805568,0.055402545888665326,0.005956883401226362,0.02383195697932705,0.007809559622950728,0.016616241100759307,0.001558256800203403,,,,,0.025082830560761434,0.0024502658218301804,6776.75,,296.0
1759,High Neb,[K IV] 6795.1,False,6794.376013588078,0.1158568134104382,,,,,,,0.0029911467178137746,0.0026908362112516527,0.02072423277686117,0.001920834855922635,,,,,
1801,Deep Neutral?,H_2 5-1 S(0) 6847.81A,False,6847.809156061882,0.1098379218367965,0.0382505851833968,0.0033610918284685317,0.02201997379681711,0.008985478582132068,0.0064890057329308306,0.003099762092304761,,,,,0.018989778250598242,0.0025190712204846664,6847.53,,305.0
1913,Deep Neutral?,H_2 5-1 Q(1) 6987.18A,False,6987.388795362404,0.0439168092096325,0.056573762759451786,0.0019876313163022857,0.022993206983017402,0.010046454521995239,0.015114124875632956,0.002584855753751488,,,,,0.029541301348874296,0.002669701034225195,6987.24,,326.0
1925,Neutral,O I 7001.92,False,7002.042627818577,0.0438194021074015,0.030922308630212524,0.0036842230558326375,0.047210475897452774,0.00708666237770527,0.009985992135386725,0.0022488025253000433,,,,,0.37609019912830244,0.013184038131404632,,,
1931,Deep Neutral?,H_2 5-1 Q(2) 7009.46A,False,7009.425659519963,0.1295240996914984,0.053269013440252914,0.00551969680584247,0.03926889234613355,0.015268789284578444,0.015441652801855676,0.0048313703129275794,,,,,0.04033039312924919,0.005023447942905331,7010.02,blend 9-4 S(3),330.0
1936,Deep Neutral?,H_2 9-4 S(4) 7015.36A,False,7015.865850849587,0.1372082973206538,0.01951153661689408,0.0021417157738509015,,,0.020565195356869893,0.004220101687586053,,,,,0.027242354996344482,0.00574887738632618,7015.77,,333.0
1944,Deep Neutral?,H_2 9-4 S(2) 7025.14A,False,7026.519405273849,0.1749157647539288,0.030010371509168608,0.004199429666460595,0.045520931098232055,0.011011768378996591,0.010425856366767856,0.0031807389855454354,,,,,0.05441905656097944,0.02414500607551486,7025.54,,336.0
1954,Deep Neutral?,H_2 9-4 S(5) 7038.03A,False,7038.1649157478905,0.0818997906973581,0.038410864288447394,0.002516673396582777,0.043287912556239254,0.008308507527576756,0.020332506288883726,0.003226229010868206,,,,,0.02579601862475249,0.005896604523712003,7037.83,,339.0
1958,Deep Neutral?,H_2 5-1 Q(3) 7042.98A,False,7043.563259920316,0.0619561104805145,0.03639992999104116,0.0018041584672063536,0.027103811870255793,0.011991912358696602,0.01176077405767535,0.0017518815966582146,,,,,0.020117603190122263,0.0032928230685152176,7043.51,,340.0
1969,Deep Neutral?,H_2 9-4 S(1) 7056.69A,False,7056.460485217791,0.2207396335604965,0.07998788549993907,0.018529029142834722,,,0.038204781038346375,0.019975571521841925,,,,,0.05908121565669833,0.010433252715494609,7056.53,,343.0
1975,Med Neb,He I 7065.28,False,7065.084698378462,0.0366683747079067,1.984479182041144,0.07304431986947693,1.8625263633795393,0.05463665167660466,1.8713345057420443,0.06285323520648091,1.8699065852103038,0.07495124175381959,1.9361648847037913,0.08874406891790769,1.4312369230844026,0.05232853705051484,,,
1987,Neutral?,H_2 9-4 S(6) 7080.02A,False,7078.906898934079,0.1778294482550914,0.01994876115584858,0.0028379817517737234,0.010836577945241822,0.0033686740429028144,0.01179558350276394,0.0017376416305034483,,,,,0.018861872683847203,0.0063315910128522775,7079.44,,347.0
1997,Deep Neutral,H_2 6-2 S(5) 7091.93A,False,7092.414730239701,0.0845185834925953,0.09422950466514896,0.006371315406005834,0.03026196416181823,0.008429854582971578,0.02099429592920445,0.003465920150072419,,,,,0.053281298910376515,0.004517597864387256,7092.29,,349.0
2008,Deep Neutral,H_2 6-2 S(4) 7105.43A,False,7105.570628017534,0.0648118874486218,0.07770582938694941,0.0051451367605838865,0.021369076127158437,0.0011079761254675405,0.018632397659149723,0.0026349375305903663,,,,,0.02159358731060123,0.002174833182162845,7105.37,blend 9-4 S(0),351.0
2012,Deep Neutral,H_2 6-2 S(7) 7111.45A,False,7111.445692687869,0.0653901066232751,0.056591832778019366,0.006814269590050444,,,0.017445093881151313,0.001958075383708028,,,,,0.03218003819455004,0.0016834049029461544,7111.54,,355.0
2032,Med Neb,[Ar III] 7135.78,False,7135.6074566189,0.0346850160963659,6.938681434871745,0.19939995938874358,5.237923825902163,0.18692725570017923,8.170978990124311,0.24930779948956694,8.60703150345678,0.2852355356494645,6.731205402878717,0.19759737963149152,4.031426850599368,0.11186408416348888,,,
2039,Deep Neutral,H_2 5-1 Q(5) 7144.42A,False,7144.022755562071,0.2575592122870501,0.061843416766055516,0.012742673365924006,,,0.027658562597467073,0.006695562558387671,,,,,0.029431645285018623,0.009311446131085732,7143.92,blend 6-2 S(8) and 5-1 O(2),361.0
2047,"Fe, Ni",[Fe II] 7155.14,False,7154.798918014899,0.0817596609439219,0.009292563975620515,0.0016118436368252136,,,,,,,,,0.22118490889800163,0.01446720252593029,,,
2052,Med Neb,He I 7160.13,False,7159.455828884883,0.1207175262995357,0.014930853050201401,0.002359826410740126,0.042353195236409326,0.02477895336871521,0.014860688889129493,0.0026158257153628514,0.016027188834293837,0.0015478100716891938,0.0124185981923958,0.0014117165739251688,,,,,
2060,High Neb,[Ar IV] 7170.5,False,7170.237305265302,0.0839426892909588,,,,,,,0.0063152774490419115,0.0023239779223035383,0.06555547847405264,0.004402322528694031,,,,,
2066,Deep Neutral,H_2 6-2 S(2) 7178.58A,False,7178.428570163574,0.0636066101513027,0.07067975471950838,0.0035965596832267777,0.012403439572624799,0.009273606419425448,0.016625335905196652,0.003038423458535894,,,,,0.02563457195413438,0.00679757831947286,7178.49,,367.0
2071,Deep Neutral??,H_2 11-5 O(3) 7186.19A,False,7184.611799059218,0.0511851377322227,0.05917360499912771,0.0024230472975939965,0.07840192314981323,0.005453461378389751,0.02677634858536854,0.0021757014332389655,,,,,0.10162966600617326,0.006950543629886019,7184.69,ewav > 2 sig,368.0
2079,Deep Neutral?,H_2 6-2 S(9) 7194.43A,False,7194.091067126107,0.0863536600617001,0.0255992784536764,0.0017684731115308625,,,0.006290021459356097,0.004482283807383862,,,,,,,7194.08,,370.0
2082,Deep Neutral??,H_2 13-6 S(2) 7199.27A,False,7198.696086278168,0.0897160068846802,0.022317496349528076,0.0016194733507085702,0.03909274937222665,0.002805796297455811,0.011338580729342596,0.0009998843078880195,,,,,0.042266330986794456,0.004000823832468363,7198.89,High T(excit),371.0
2101,Deep Neutral?,H_2 9-4 Q(1) 7221.48A,False,7222.743695459796,0.2424054260603745,0.031670746938063675,0.006141728724137303,,,0.010959535531294414,0.006958612457606706,,,,,0.035705133713180716,0.013423124389560902,7222.09,,373.0
2114,Deep Neutral,H_2 6-2 S(1) 7238.21A,True,7237.789258060763,0.3119028590435685,0.06613220865165005,0.01650145996265238,,,,,,,,,0.019543912212585834,0.01603348878006709,7237.82,,376.0
2127,Neutral,O I 7254.15+,True,7254.252617526408,0.0435196172075115,0.04961951950994916,0.011300487759679626,0.0765776080661954,0.009008005883152032,0.020877455620965227,0.0023772947163074164,,,,,0.7345118503096478,0.025572539647885504,,,
2134,High Neb,[Ar IV] 7262.7+,True,7264.168964862938,0.1390543559195828,,,,,,,0.03271542619383687,0.019280503515680232,0.06865177461818624,0.007637062641814598,,,,,
2148,Med Neb,He I 7281.35,False,7281.07695667281,0.0477785393122969,0.675131203658041,0.025805426203947275,0.7863367644063236,0.03709882087946536,0.6197504869335265,0.027027412340383108,0.6878442051831694,0.03562517912069049,0.7945354609876357,0.0397476468953745,0.4691592739900071,0.022764687733551347,,,
2154,"Fe, Ni?",H_2 5-1 Q(7) 7293.34A,False,7289.487402946967,0.3835848843319894,0.0930376405257253,0.047194541600480894,0.048316565736163254,0.03750464479805497,0.08789214788814852,0.04785094957903278,0.04231463767461487,0.016568138751464845,,,0.13718796670052294,0.042098584270848734,7290.53,ewav > 7 sig,388.0
2168,Deep Neutral??,H_2 13-6 Q(2) 7304.73A,False,7305.768786902801,0.2867459221831329,0.07510715450851932,0.01948059156195417,0.2282493058434644,0.0792244936234732,0.0558312525367883,0.012807507196240592,,,,,0.04528724354751035,0.01040635544461545,7305.6,,392.0
2179,Low Neb,[O II] 7319.99+,True,7319.724231684761,0.0512226201835997,2.6957894252251653,0.11438792152562652,0.3850153488694586,0.20287927770161399,3.2976450372951267,0.1351312153965606,1.1436266207705401,0.06259785063898776,,,9.444617394370617,0.43304522649778393,,,
2187,Low Neb,[O II] 7330.73+,True,7330.042176841667,0.0479247591580994,1.6213409579096416,0.11969957100819872,,,2.1058100529708508,0.21291492588607555,0.790409566128992,0.11703568308078911,,,5.709683563085306,0.2189081677038579,,,
2225,"Fe, Ni",[Ni II] 7377.83,False,7377.548371574627,0.0315235719530019,0.015402181669184403,0.0009905470016862113,,,0.0020798043321736733,0.0005327403802514009,,,,,0.2947141159630411,0.007432353312101026,,,
2252,"Fe, Ni",[Ni II] 7411.61 ,False,7411.369022943434,0.0497006931316948,,,,,,,,,,,0.1205298422801463,0.004792333363501708,,,
2263,"Fe, Ni?",H_2 4-0 O(7) 7426.27A,False,7424.368385670985,0.1418439226315305,0.017396167553338525,0.001974032515616713,0.04435006134405924,0.007658448189483247,0.007759497211739798,0.004174715188457512,,,,,0.07033455722988156,0.012075897916628674,7425.08,,406.0
2277,Neutral,N I 7442.30,False,7442.212229274743,0.0511903074960954,0.010534890054420692,0.00043142740905868283,0.06954450225665303,0.0032038028527391444,0.00527295347992243,0.0015765609502907288,,,,,0.21827034134450657,0.011901266471837998,,,
2285,"Fe, Ni?",[Fe II] 7452.54?,False,7452.297624506572,0.0738666102126387,0.003492105129949258,0.0015531323512165387,0.006481730541285673,0.005838947888211828,,,,,,,0.06750117236916713,0.003988866230631524,,,
2294,Deep Neutral,H_2 6-2 Q(1) 7462.84A,False,7462.653025862032,0.0388113254467295,0.08394574968433523,0.002606436648694741,0.0443490925520054,0.00919778111628258,0.024859860739240455,0.0014146035549687705,,,,,0.024255101113187145,0.004862685471134317,7462.75,,410.0
2298,Neutral,N I 7468.31+,True,7468.142929915568,0.0675365041980424,0.051276062106646175,0.018801272459987996,0.14450620202985212,0.06653251546086852,0.01716863458367577,0.01590700803741663,,,,,0.3423137654127356,0.018494940043875946,,,
2314,Deep Neutral,H_2 6-2 Q(2) 7488.21A,False,7488.538530618498,0.0406451051990953,0.0599393257181399,0.0019489921595013092,0.02786214961002762,0.01400842977836749,0.014449780027343265,0.0020032689346540186,,,,,0.01113080277725106,0.0013818160465732803,7488.33,,415.0
2323,Med Neb,He I 7499.85,False,7499.665529475341,0.0433346102279247,0.04273458509165857,0.002693206369809607,0.03586092238971665,0.0029972713116682556,0.03606537336458781,0.001587365924141756,0.03709203790329824,0.0014373649846726243,0.04251083853570994,0.0014737524947257862,0.017293740946682172,0.004822271033997388,,,
2334,"Fe, Ni",Fe II 7513.1762,False,7513.319571350537,0.0646262996395186,0.02820778484698919,0.0030940720340470623,0.12836333917904372,0.022868948970975442,0.020976543685812785,0.0027681424856957925,0.02247520931044946,0.005319814093090311,,,0.14418875567495723,0.007454708583119306,,,
2345,Deep Neutral?,H_2 6-2 Q(3) 7526.43A,True,7526.33324655875,0.0041443791167496,0.0672171835671596,0.00022285879348997144,0.11958497218508883,0.015309107081486358,0.028456283376007807,0.005663893349303519,,,,,0.030749918202495993,0.0008228061203241208,7526.26,,421.0
2348,High Neb,[Cl IV] 7530.8,False,7530.2832247155675,0.0730099065762854,,,,,,,0.02687346125358587,0.001747928646245742,0.12811102885315723,0.007482699398368654,,,,,
2426,Deep Neutral,H_2 7-3 S(5) 7628.56A,False,7628.765675624385,0.1016354900609308,0.23302468610152202,0.018946862534578227,0.2433361383351999,0.06620266159995847,0.0963511971672947,0.018023377371241663,,,,,0.26468972307089156,0.06160227588556874,7628.73,,430.0
2434,Deep Neutral,H_2 7-3 S(4) 7636.91A,False,7637.620974713784,0.120476861858208,0.20632330605699584,0.019885747553565973,0.20076385988204948,0.06134175823522462,0.08559283977659492,0.014838816111272362,,,,,0.3153979849428405,0.06795626582885043,7637.6,blend 7-3 S(6),433.0
2454,Deep Neutral,H_2 7-3 S(3) 7663.09A,False,7663.219191959189,0.0924655921447656,0.14281204583552534,0.014244634507384458,0.11306934367968229,0.01597632840894576,0.04684575228347049,0.007194675228956227,,,,,0.13830071115282724,0.010230445720630697,7663.09,blend 9-4 Q(7),437.0
2489,Deep Neutral,H_2 7-3 S(2) 7706.96A,True,7706.524209357798,0.2780358859339952,0.16070328897599243,0.03574502505835752,0.16789182399271807,0.12939559570359008,0.07637441807048063,0.036156405314745205,,,,,,,7706.79,blend 10-5 S(3),442.0
2501,Deep Neutral?,H_2 12-6 S(2) 7721.51A,True,7720.990033860457,0.3961083785131444,0.022833641307238403,0.010619773024886049,,,,,,,,,0.007019343043067485,0.002224336472813586,7720.99,blend 6-2 Q(6),450.0
2503,Deep Neutral?,H_2 10-5 S(4) 7724.23A,False,7724.312163132304,0.0283088235294096,0.014991907345789963,0.0003395226075369827,,,,,,,,,0.007910764636905033,0.00024054645639730836,7724.53,,451.0
2516,Deep Neutral?,H_2 10-5 S(1) 7740.69A,False,7739.541358539041,0.3904788117936982,0.09635428307409431,0.030099444772804802,0.37440376590888774,0.14465849279739326,0.09287895134213316,0.03385308079754321,,,,,0.029779591847729353,0.009394391266529682,7739.73,,453.0
2524,Med Neb,[Ar III] 7751.10,False,7750.908241637001,0.0442541468336903,1.6072199246109085,0.06819240874970459,1.367251359905274,0.22395252969706658,1.684092581980932,0.07160919384361031,1.7070926083689382,0.06580272111350699,1.3712476959904742,0.07625113554449217,0.9608924796171805,0.03401878150749401,,,
2538,Deep Neutral,H_2 7-3 S(1) 7768.49A,False,7768.76507459695,0.0875513393433726,0.11353864910252606,0.0079523686369307,0.07009061625469375,0.03891587456536292,0.023601200878442655,0.00800374114855895,,,,,0.02326141416122154,0.007891304712282972,7768.63,,458.0
2549,Deep Neutral,H_2 3-0 S(7) 7782.22A,False,7782.4140264747275,0.1374842581407893,0.09438572873835621,0.013946261470918177,0.09541973915337873,0.03576637156881781,0.03357210368090606,0.008677077738042554,,,,,0.0503729618107997,0.0055403914279296895,7781.96,,462.0
2556,Deep Neutral,H_2 10-5 S(0) 7790.25A,True,7790.311743042632,0.1480280757030108,0.09940918287069474,0.024453071866869572,,,,,,,,,0.06263724959375783,0.007417657219754533,7790.21,blend 3-0 S(9),463.0
2565,Deep Neutral,H_2 4-0 O(9) 7806.24A,True,7803.929582790437,0.207009046456445,0.16961126255700376,0.1168098544295801,,,,,,,,,0.05259917772391859,0.00871080450001718,7804.49,too strong,467.0
2577,Med Neb,He I 7816.13+,True,7817.174160253881,0.0436340678563097,0.16223524366204317,0.024884330365596542,0.5483075660702401,0.07968926175855706,0.16109677447885049,0.013654530581172568,0.1266832914545986,0.023940130277506796,0.19574047084050364,0.01894471973168477,0.054118260322110194,0.0018891198745283133,,,
2594,Deep Neutral,H_2 3-0 S(5) 7837.75A,True,7837.41995186432,0.0692998403778589,0.1974950683709785,0.01094910137081852,0.1667097754871526,0.024291058231415346,0.05024792509589102,0.007402565600452015,,,,,0.1063302513327272,0.006402502932367339,7837.59,,473.0
2602,Deep Neutral,H_2 7-3 S(0) 7847.68A,True,7847.488863096443,0.3732325573694491,0.15706114805684704,0.051995405685117076,,,0.07706111773904016,0.059602599119691145,,,,,0.03896804125581099,0.011635313354867631,7847.6,,476.0
2614,Deep Neutral?,H_2 3-0 S(11) 7862.67A,True,7862.465060764044,0.4363750448189306,0.05168800255333682,0.02681378069606283,,,0.029429558169812187,0.029114009991916354,,,,,0.02247608110765537,0.007846400720565624,7862.45,,477.0
2623,Low Neb??,[P II] 7875.99+,True,7875.253464713442,0.9984159278684336,0.01908877947178568,0.017611211380938383,,,,,,,,,0.032121950180801544,0.025656853355766854,,,
2636,Deep Neutral,H_2 3-0 S(4) 7890.29A,False,7890.54009494208,0.0634514093882032,0.10071638653661448,0.005112477339388198,0.051635926491030625,0.014851376490369453,0.02835347849706284,0.004862639439597109,,,,,0.030009942122652785,0.00354629547519314,7890.36,,482.0
2657,Deep Neutral?,H_2 11-5 Q(9) 7917.04A,True,7916.460506308,0.2433346069111425,0.052825657925001455,0.012880009284588897,,,,,,,,,0.030215419035455857,0.005881965690918483,7915.9,,486.0
2692,Deep Neutral,H_2 3-0 S(3) 7959.75A,True,7959.4371049382735,0.1647448023098524,0.19291347317294533,0.05892098271709744,,,,,,,,,0.09805038309536394,0.012922632783560822,7959.35,,495.0
2724,"Fe, Ni",[Fe II] 7997.03+,True,7999.4348719370155,0.0586507134553027,0.024381319501135028,0.02177084578668806,0.014116156434096206,0.008739889081984059,0.006465960455047631,0.005521684726338172,,,,,0.20630659838775434,0.009680023348782728,,,
2731,Deep Neutral,H_2 7-3 Q(1) 8008.96A,True,8008.625752277389,0.2512025182146138,0.12290559525352458,0.024699356024281173,,,0.03693879417355145,0.026277596326071205,,,,,0.021905204090193968,0.005007699427071774,8008.66,,502.0
2754,Deep Neutral,H_2 7-3 Q(2) 8038.44A,False,8037.291416520259,0.1459598550601929,0.06547733221884394,0.007645649536312452,0.022551898697617926,0.013638940524971653,,,,,,,0.018272562833096945,0.007427937344561142,8038.21,,504.0
2760,High Neb,[Cl IV] 8045.62+,True,8045.625070512266,0.0609951291014633,,,,,,,0.025970847167702246,0.007387957222810087,0.24604757163650717,0.01200616271765625,,,,,
2779,Deep Neutral?,H_2 10-5 O(2) 8068.77A,False,8069.173426502935,0.0631796730729755,0.021125187834385977,0.0010677459687853652,,,0.0031521716186959942,0.0012123736994984486,,,,,0.009821082461740023,0.0009179693626429336,8068.85,blend 12-6 S(6),510.0
2790,Deep Neutral,H_2 7-3 Q(3) 8082.91A,False,8083.069741552463,0.0473830004373807,0.059422267179319053,0.002252484249398263,0.03361689641422043,0.006900079886108874,0.015459448892953398,0.0007840774035825295,,,,,0.03705803141403695,0.003168419102194284,8082.92,,514.0
2825,Neutral,Ca I] 8125.31,False,8125.674540086506,0.2917449492268332,0.01649640238146776,0.0038501936601653772,0.03306224875906866,0.0077549031908025964,0.0117968846729147,0.008105571162423525,,,,,0.15497112690953355,0.07035082357153587,,,
2844,Deep Neutral,H_2 3-0 S(1) 8150.65A,False,8150.791416821157,0.0452736898182056,0.21615198770018604,0.007828798435781457,0.030642104047874343,0.018804224755505743,0.03558086430964258,0.003619926847950022,,,,,0.06803751263532172,0.008406268795989458,8150.68,,523.0
2874,Neutral,N I 8188.012,False,8187.655142573297,0.0378392484342377,0.01512856671473957,0.004425910475056781,0.06927062356924693,0.004249611277149149,0.01732718823341773,0.0017843943485239455,,,,,0.2159403188162709,0.00653681549652591,,,
2877,Deep Neutral,H_2 7-3 O(2) 8192.31A,False,8190.971131557223,0.080740611880676,0.06776007316311443,0.00621806999210657,0.02584537001461393,0.01304618900152372,0.019069604480879424,0.010049487464548361,,,,,0.03742287933058496,0.0024172369403905065,8191.59,,526.0
2884,Neutral,N I 8200.357        ,False,8200.080812594488,0.1259785647448965,0.014228776709037196,0.002586511099164983,0.04330494731510029,0.006232496228616413,,,,,,,0.09846202553580777,0.009923283727101133,,,
2889,Deep Neutral?,H_2 10-5 S(9) 8206.90A,False,8206.956289578551,0.0706700379266728,0.028391490329840455,0.0016051421587236715,0.008747691599585451,0.005057553211264396,0.004473526125509551,0.0026811185844699205,,,,,0.026362327751979338,0.004548039987340456,8206.76,,530.0
2892,Neutral,N I 8210.715,False,8210.115183976017,0.0952107943813504,0.04751074127459502,0.006749799786161299,0.09637988480553802,0.00947876772392925,0.026520685313412538,0.006178105321583415,,,,,0.19157314635493758,0.014591865157270654,,,
2897,Neutral,N I 8216.34+,True,8216.290424939034,0.0780590022878484,0.0561488092044178,0.01131396139074398,0.15037552740946641,0.009587156111806513,0.014597307374289773,0.005772954434852255,,,,,0.3727451181093237,0.02327688962182403,,,
2902,Neutral,N I 8223.14+,True,8223.033997685028,0.0666936394674152,0.01926447089263911,0.007085663157920037,0.12289913559434852,0.020161700238911135,,,,,,,0.49256092604947693,0.026280544654144013,,,
2907,Neutral,O I 8230.00+,True,8229.31364254266,0.0730475243114888,0.01570120492946356,0.0038969739465928815,0.03097260316583774,0.009803671253119714,0.006319022895134194,0.002712712438302874,,,,,0.2962739554356752,0.01731366317003876,,,
2913,High Neb,He II 8236.78,False,8236.091230749586,0.4480737477640908,,,,,,,,,0.0067562988094496184,0.0024218561028513243,,,,,
2918,Neutral,N I 8242.39,False,8242.423722736903,0.0728835346919276,0.031420866982719356,0.004318870600357543,0.10258854253699581,0.0092167116629929,0.013311517314576693,0.0031590889556822326,,,,,0.25192206228941927,0.014688776293226269,,,
2937,Deep Neutral,H_2 8-4 S(5) 8266.55A,False,8266.841798548558,0.1116997248853751,0.1729327141447993,0.015453229274924235,0.05928988862369639,0.016691474785049183,0.03680535219181599,0.00717527899161962,,,,,0.06337369910058079,0.005876555496287655,8266.47,blend 8-4 S(4),537.0
2942,Deep Neutral,H_2 3-0 S(0) 8272.65A,False,8272.529384591615,0.0355726539937062,0.16605085679531886,0.004725495739310671,0.03988152784165981,0.025139565295004974,0.04272610474252011,0.006162931047894668,,,,,0.032876830102799764,0.016392766256205116,8272.5,,539.0
2951,Deep Neutral,H_2 4-1 S(7) 8283.51A,True,8283.353146806932,0.1750028478553719,0.12832508073953813,0.017965803664551767,0.11800491422010716,0.05375688379483225,,,,,,,,,8283.33,,540.0
2954,Deep Neutral,H_2 8-4 S(3) 8287.27A,False,8287.212189962223,0.0747197979141927,0.121723352391144,0.021782687456523238,0.1429084487916164,0.024954316057224746,0.07950271310773298,0.009685095374232563,,,,,0.4391705201172257,0.026251786010424022,8286.99,,542.0
2957,Med Neb,H I 8292.31,False,8292.060120565568,0.0794619633105531,0.08685797485982945,0.009312699035228949,,,0.1116184377222704,0.007095536162454644,,,0.038745575555851515,0.017657101994536968,,,,,
2963,Deep Neutral,H_2 4-1 S(6) 8300.03A,True,8299.025698698633,0.0872738717226247,0.21822474467350847,0.021262062778474165,0.23769586573199963,0.04264248279924441,0.17452590190267622,0.019922241737832642,,,,,0.19709387709780793,0.013760916597719084,8299.17,,545.0
2967,Deep Neutral?,H_2 4-1 S(9) 8304.07A,True,8305.022255365486,0.2981281765385916,0.16863612248404958,0.04022014375576662,,,,,,,,,0.05261961297675916,0.013894558574890458,8305.14,,546.0
2969,Med Neb,H I 8306.11+,True,8305.877524529596,0.00386605515376,0.1290716566490921,0.010169176896520509,0.16266750580745867,0.019917349689970842,0.1412619883907032,0.0004369013105986161,0.14729724241005826,0.008174285915815914,0.14401261657419817,0.0063561118315092115,0.15884407350788768,0.06150770607528678,8305.14,,546.0
2975,Med Neb,H I 8314.26,False,8314.117633167176,0.0407268500010517,0.13582592488127776,0.004425409655115139,0.11966293209498062,0.009862578146202505,0.13850010130288568,0.0050129096382181115,0.13590544277177122,0.006281072570949017,0.13175700330466303,0.005081497358526694,0.21479423920358803,0.012245848338272441,,,
2982,Med Neb,H I 8323.42,False,8323.15266761896,0.0975903236613703,0.14379537694069108,0.012648277733176392,0.12865557987726983,0.014434468939307245,0.13049941122427394,0.010188383823196128,0.13187586112776978,0.012812701358662552,0.11702856388434373,0.010605691230486337,0.20403643178259406,0.0164303191791011,,,
2987,Deep Neutral?,H_2 8-4 S(2) 8329.17A,False,8329.426621060324,0.118644242887543,0.06911719007685944,0.00656028534974671,0.0772139302646133,0.0204262981018632,0.011012972733394875,0.007401155673949142,,,,,,,8328.99,,550.0
2991,Deep Neutral,H_2 4-1 S(5) 8334.66A,True,8333.707916589243,0.0992000432686235,0.5172646773859385,0.06233362616484026,0.8702039607923289,0.2660681056906945,0.3599396762715655,0.06399146007573359,,,,,0.35547851163512784,0.02821078698821646,8333.96,,552.0
3000,Med Neb,H I 8345.55,False,8345.052155519745,0.0099001070281837,0.1711982958993844,0.012443579488442562,0.10070738669901416,0.0561192051664146,0.1874608735174544,0.008755593670694166,0.12040965877461389,0.0009536548072766053,0.09333615251532534,0.007150040948411032,0.2298059952977798,0.017934806257403967,,,
3011,Med Neb,H I 8359.00+,True,8359.202365534,0.0518082533803966,0.19135359479904518,0.012468895790049903,0.18354998818212312,0.011669281297720439,0.18614395358843913,0.01138741666966877,0.15786204478313406,0.02218913940367956,0.16446785958665136,0.02015461766040113,0.26480208771021024,0.01097514692459887,,,
3023,Med Neb,H I 8374.48,False,8374.237263403977,0.0560868795872833,0.1917375191569731,0.010791896896943886,0.0834332515157,0.012187101979611233,0.20263102656432536,0.012208880940070306,0.1940887984193345,0.010973597059592093,0.16121133351370076,0.0072334725207106485,0.2806091632130227,0.018342823220510944,,,
3034,Deep Neutral?,H_2 4-1 S(4) 8387.65A,False,8387.355784226553,0.0072867104928621,0.07843924929287704,0.0004572512806997066,0.028396550304254316,0.01356181689475223,,,,,,,0.023920325805258248,0.007737095546626874,8387.14,,562.0
3037,Med Neb,H I 8392.40+,True,8392.172519064494,0.0413744440643172,0.1549734497924121,0.03271015925067725,,,0.11986070100174559,0.04826997910906117,,,,,0.26859419205945134,0.008890348300291409,,,
3045,Deep Neutral??,H_2 8-4 S(8) 8400.71A,False,8400.006052565377,0.2066959844134727,0.015893247749808864,0.0026280563913391626,,,0.0050102270240579665,0.0031319598182958115,,,,,0.008463790381207486,0.006606222712736209,8400.56,,565.0
3054,Med Neb,H I 8413.32+,True,8411.618613057097,0.0491713311269139,0.2112944294309655,0.012618183249842221,0.6842958979532235,0.5249844247537906,0.2072057438062079,0.012009840521668978,0.25174722081484935,0.023334963767150385,0.2324739285299857,0.020448906940879374,0.29906155981469823,0.011764203987983925,,,
3074,Med Neb,H I 8437.96,False,8437.762366752499,0.0456745764709926,0.3382165007827985,0.013566088021927691,0.26325091983796894,0.012589421435499704,0.3357880672412372,0.012269582204205362,0.32329996985885573,0.012933317772937292,0.3068278481042602,0.012544872694991813,0.4907330364021197,0.042879942983754145,,,
3081,Neutral,O I 8446.48,False,8446.292807292386,0.0331565705858112,0.35486265283566415,0.014196211193341655,0.5936588590552235,0.015746953491325343,0.19464022763459948,0.007555402598964677,,,,,6.858124187802634,0.2543663946905791,,,
3091,Deep Neutral,H_2 4-1 S(3) 8459.29A,True,8459.271277442182,0.1497749352698854,0.46897329757568434,0.06519926822221428,0.2915949096253196,0.18901289799248133,0.20890018698139304,0.05882182160419418,,,,,0.2077886995539792,0.02489723122040873,8459.25,,571.0
3098,Med Neb,H I 8467.26,False,8467.069925442494,0.0566410015974837,0.37369216684783796,0.027654186998512922,0.2432545669624299,0.05798528726811127,0.38360131319116364,0.01791722528758032,0.35813001581407156,0.020603035916241692,0.3407562840206882,0.016762729769291933,0.408468439810223,0.018508849241450014,,,
3104,Deep Neutral,H_2 8-4 S(0) 8475.17A,False,8475.42205051066,0.1145696142101005,0.1151715205029089,0.01055612533760717,0.023179796923842446,0.0035636666685679354,0.044707281075996204,0.013191415057151176,,,,,0.025858172359518875,0.003016641531918172,8475.22,,574.0
3122,Deep Neutral,H_2 3-0 Q(1) 8497.45A,False,8497.758360831924,0.111751929793666,0.09661880939334748,0.008637870723258369,,,,,,,,,0.11870440912671301,0.016691650444070123,8497.68,,578.0
3126,Med Neb,H I 8502.49,False,8502.26078194069,0.0457014298329723,0.366687467098834,0.01997302680638039,0.24635307686491426,0.012212798488375018,0.4020983575834815,0.019113698225758025,0.4664460814952319,0.03822558181800299,0.4476794454443645,0.03650014073457433,0.4299584678804972,0.015719773400746283,,,
3138,Med Neb,He I 8518.04,False,8517.616569400006,0.1336129940817746,0.013853945650149142,0.004118660376337116,0.038551336597195646,0.0068810982412877515,0.010653250244976658,0.0022338357009571708,0.018129840751103254,0.0021161729374144706,0.021145699459437582,0.0024486007603976945,0.019085289751773014,0.002040034165322082,,,
3142,Deep Neutral,H_2 3-0 Q(2) 8522.57A,False,8522.638143265687,0.0526307486718735,0.1093014690887702,0.004602094519262096,0.017326804493467195,0.0065973322710299745,0.0217537634570003,0.0013070660939502779,,,,,0.04454105503637388,0.003112643681301021,8522.54,,583.0
3147,Med Neb,He I 8528.95,False,8528.861709800976,0.0585141361341888,0.04305700889621316,0.007877652669535357,0.04068889014203113,0.008497633152083305,0.02770254948775763,0.0012967926015926036,0.023243120586638723,0.0016142082657239231,0.018590414836521078,0.0032636906745007674,0.020619196042691443,0.0034006506520834344,,,
3160,Med Neb,H I 8545.38+,True,8545.070810296897,0.0481682027853875,0.5369978673245265,0.025443413161780386,0.7115744510428053,0.05349206915126562,0.5644743619919828,0.02379006354548991,0.5890658371343107,0.02817523800367701,0.5814290303135912,0.03230930737180773,0.5295693982393406,0.020406724930662583,,,
3164,Deep Neutral,H_2 4-1 S(2) 8549.88A,False,8550.228977196835,0.0883901032586829,0.21101606313160826,0.014921385287554887,0.08369442440730165,0.017742208697793256,0.025736546459510914,0.011090757531072547,,,,,0.03710438375963702,0.0028087494464624978,8550.06,,586.0
3172,Deep Neutral,H_2 4-1 S(13) 8560.02A,False,8560.417861851558,0.0583072030194369,0.12155306333282397,0.0056699353131051565,0.03373480388317107,0.008194745642485337,0.024232395233360397,0.0025713228474635004,,,,,0.054250437358391294,0.0026244693466120944,8560.31,blend 3-0 Q(3),588.0
3187,Low Neb,[Cl II] 8578.69+,True,8578.616029914592,0.034197150683465,0.08997268124588872,0.002473213517746617,0.055371811637488014,0.005439047407458558,0.0944015328517678,0.0029357213196062426,0.010567778370769866,0.00206957742665502,,,0.16339020755954783,0.004469983638493191,,,
3190,Med Neb,He I 8582.61+,True,8582.945885547351,0.1033510924453572,0.02027745156885587,0.0028443995016132037,0.03203117331757443,0.010652390863995845,0.02177336375319086,0.003596399390763311,0.03583168522257949,0.002962595049529404,0.051345446766440504,0.005962221169499347,0.008834862139752157,0.0032503733900996735,,,
3202,Med Neb,H I 8598.39,False,8598.209527932517,0.0487735254744467,0.535381002087625,0.05635361350125642,0.48845377076623686,0.019058889945245308,0.5637141007166078,0.07255608847235627,0.560185126476661,0.07782169535179828,0.5271120148604125,0.06691647280801293,0.5905622900210935,0.027658557544558426,,,
3213,Deep Neutral,H_2 11-6 S(3) 8610.91A,False,8611.057611819775,0.0819535121882456,0.07821192263864875,0.005127793404186099,0.015396572355021891,0.005786579982470028,0.013487625677434254,0.001463025691589295,,,,,,,8610.9,,594.0
3218,"Fe, Ni",[Fe II] 8616.95,False,8617.211365723193,0.1235114653070194,0.031098455473539472,0.0066757467293117635,0.025344144205548924,0.004971907821963936,0.018622268108719302,0.0018400508971584788,0.0024504930211169404,0.0011992433084624273,,,0.10503986493659156,0.0156061345651606,,,
3221,Deep Neutral,H_2 11-6 S(1) 8620.81A,False,8620.340671078104,0.2944504987844556,0.050532838753421044,0.01429971250202312,,,,,,,,,0.0037195437335509614,0.0008761772060757413,8620.31,,597.0
3228,Neutral?,N I 8629.24,False,8630.20908681263,0.135981116584565,0.013284587913538414,0.002229758823393082,0.062409494507096194,0.006789210198842574,0.0086329219120132,0.0036236913526602192,,,,,0.05230703258906619,0.0077888453692040805,,,
3244,Deep Neutral,H_2 8-4 Q(1) 8650.16A,True,8649.895923205926,0.1699397829821065,0.18226213629279678,0.025220477921157523,0.07092334712271459,0.02426847269087562,0.0756291136054179,0.012826632229819092,,,,,0.054680122976946084,0.007433862585709691,8649.96,,601.0
3252,Deep Neutral,H_2 4-1 S(1) 8659.72A,False,8659.620302696312,0.0522005106327153,0.38018046132382916,0.027188958336066577,0.27983983742816104,0.01168622592730084,0.16352921775042017,0.018912567009950625,,,,,0.04224771995869886,0.011813849733920297,8659.51,,603.0
3256,Med Neb,H I 8665.02,False,8664.858401406564,0.0402005156493979,0.7930531823835427,0.0321776224853869,0.7791443677254061,0.037498550373039174,0.8990170569754461,0.03146858033880308,0.8622773242206673,0.032833667635354113,0.8536065975307034,0.031572067884108795,0.754338882447678,0.024259849639029794,,,
3263,Deep Neutral,H_2 3-0 Q(5) 8674.35A,True,8673.994394208254,0.577401103565104,0.04868574216901071,0.02248896100501832,,,,,,,,,0.029729256862517896,0.014850888537209278,8674.44,,607.0
3268,Neutral,N I 8680.282,False,8680.361989589992,0.4296744766728371,0.006730571438033408,0.0036499286987070182,,,,,,,,,0.04385558585327752,0.015074900720550156,,,
3272,Deep Neutral,H_2 8-4 Q(2) 8685.29A,True,8683.858937835406,0.0930100263503875,0.09657465748498638,0.00718592914996659,0.07917084417718996,0.05180168085571286,0.010584639222834662,0.0037228719560531776,,,,,0.07953829389832427,0.029306216537989548,8685.17,,609.0
3278,Deep Neutral??,,True,8694.688794701897,0.0851527787570215,0.04827173788855422,0.009447702513178167,0.04359379233263425,0.010767782443584922,0.016107778042664462,0.0010972976479473736,,,,,0.158918636611583,0.12485186177805072,,,
3280,Neutral?,,True,8695.090582089446,0.1160107503703885,0.010810869955258656,0.0010748044230965844,0.056022449703099046,0.009673921240097359,0.002779324742594783,0.00043461946439845965,,,,,0.07498184941234462,0.006958960491588464,,,
3286,Neutral,N I 8703.247,False,8703.073900639778,0.1165668377252022,0.014285238879351876,0.0024386638883947816,0.05737633926180312,0.005350542742397406,0.0071875156218755626,0.0013066730913212155,,,,,0.15710596962492604,0.016068599712274853,,,
3293,Neutral,N I 8711.703,False,8711.572018437973,0.0698366384245193,0.00834757163420584,0.002550358123761618,0.029744249637255152,0.006199260834219959,,,,,,,0.20975112046820293,0.011718650527420557,,,
3299,Neutral,N I 8718.837,False,8718.633935951202,0.0769216895985579,0.018918190443702812,0.008527870637197657,0.016835427990754354,0.011654643294750053,,,,,,,0.09438246284675274,0.005808046808516272,,,
3306,Deep Neutral,[C I] 8727.13,False,8727.05103629467,0.0737110189581604,0.19278750555543053,0.016469049285416783,,,0.027825819921092017,0.005319552633965491,,,,,0.2158244398369565,0.012726911501165013,,,
3311,Med Neb,He I 8733.43,False,8733.50887448543,0.0771324736566034,0.0430358227891059,0.007761133892031243,0.021238438946975805,0.004343500295922835,0.033829554895017176,0.0030334212374901423,0.0275526681770251,0.001700164361866819,0.04011340215725563,0.0033451691645092017,0.01880457742616482,0.0014647845303742447,,,
3315,Deep Neutral,H_2 8-4 Q(3) 8738.38A,False,8738.678050160055,0.0848881213151883,0.06477364861781167,0.004398810673516942,0.01690176302623109,0.008487538750675885,0.006953696423843897,0.001021694709319712,,,,,0.025117868669448193,0.002079103221434899,8738.45,,617.0
3324,Med Neb,H I 8750.47,False,8750.21785191946,0.047626226366855,0.953778625619608,0.04659225597278863,0.8551783029602887,0.04259195672075498,0.923932634601852,0.03595928973667203,0.9310864879233022,0.035475308672764216,0.9585741675644336,0.04651703970010583,1.1470512167256182,0.04801387674456138,,,
3346,Med Neb,He I 8776.71+,True,8776.806223796997,0.0234524378585064,0.020555870147411566,0.0011051172416162971,,,0.013567489109138117,0.0002545525561824198,0.02056403424347886,0.002196177068913072,0.00830299792933367,0.00187142698154022,0.016030357185562567,0.004527430741128251,,,
3355,Deep Neutral,H_2 4-1 S(0) 8789.12A,False,8789.205179581693,0.0579576433398101,0.19333946444909048,0.008964399779240233,,,0.022555888298403104,0.006382668313892391,,,,,0.061324432413687145,0.003417994119092014,8789.19,,622.0
3372,Deep Neutral,H_2 8-4 Q(4) 8809.90A,False,8811.698313331033,0.0737754970500765,0.07943247068364621,0.004688136005281306,0.08889640572474208,0.06576083057729241,0.008591108041362665,0.00210932989973534,,,,,0.030636007714179906,0.0022881623397878,8809.89,blend 11-6 Q(1),625.0
3397,Deep  Neutral,H_2 3-0 Q(7) 8840.89A,False,8840.384443591958,0.8740311277408804,0.010416943915329178,0.007283786590342931,,,,,,,,,,,8840.38,,630.0
3405,Deep Neutral,H_2 5-2 S(7) 8850.66A,False,8850.868165305697,0.0856772630531409,0.22937067154676655,0.015721481090230336,0.06296897436703182,0.021032956392528,0.04539992910527124,0.0036595776861185437,,,,,0.089079118122141,0.009765725825078717,8850.66,,631.0
3412,Deep Neutral??,,False,8859.506415438223,0.883373758775261,,,,,0.09798605276956007,0.09480056510801643,,,,,0.3555784311166769,0.2512869241879593,,,
3414,Med Neb,H I 8862.79,False,8862.584820137396,0.0407325712973744,1.4428045895078463,0.05955653503611953,1.508692335220978,0.06382745470356989,1.3785291680520821,0.044920830098553334,1.2119602136427714,0.04686601110732807,1.3326996869469867,0.050327145600046044,1.5877888179197315,0.08434968639313842,,,
3435,Deep Neutral?,H_2 5-2 S(9) 8888.85A,False,8888.559176055147,0.1579820880566162,0.08920112152384105,0.011273743548262709,,,,,,,,,0.021779281646075756,0.0031404322006141003,8888.49,,639.0
3439,Deep Neutral,H_2 5-2 S(5) 8893.81A,False,8893.551051932609,0.1400760812569475,0.2032870075800964,0.040039920424723575,,,,,,,,,0.10949870144535871,0.012270519200952245,8893.68,,641.0
3481,Deep Neutral,H_2 5-2 S(4) 8946.15A,False,8946.694011586334,0.2292873895956041,0.15279406093235573,0.028027001101513228,0.12718236063306554,0.04931626723733771,0.06629420153723628,0.019286432372662383,,,,,0.06864465981143246,0.01952363664598006,8945.95,,653.0
3536,Med Neb,H I 9014.91,False,9014.741366967251,0.020169412601828,1.6285204093209114,0.07706359148079867,1.2122176291805944,0.019559774020922526,1.8009225352912734,0.10068261158012687,1.7789312609532186,0.10620693687063414,1.8282544888033696,0.10199184230879789,1.9157625958491555,0.09752582812838567,,,
3539,Deep Neutral,H_2 5-2 S(3) 9019.30A,False,9019.467687585957,0.1139701639722621,0.23140814359985828,0.06533227107882533,,,,,,,,,0.029290217999090845,0.0026705687585117494,9019.36,,665.0
3548,Deep Neutral,H_2 4-1 Q(1) 9029.26A,False,9029.218623178878,0.0877547565086857,0.28696252589354987,0.020145861269524713,,,0.038672538137387066,0.015130296374348198,,,,,0.13802337787066127,0.019523212094132922,9029.23,stronger shallow,666.0
3552,Deep Neutral??,H_2 9-5 S(4) 9034.88A,False,9033.954453959619,0.2009376735443624,0.03252426698768401,0.005228280433792745,,,,,,,,,0.03586243433465831,0.019386269703513537,9034.71,,667.0
3564,Deep Neutral,H_2 9-5 S(5) 9049.69A,False,9050.224095479523,0.1260189144859897,0.09774232922143496,0.009853905782253975,,,0.011628906576539014,0.002459314401977664,,,,,0.03564927812982645,0.030229723490368773,9049.93,blend 11-6 Q(4),671.0
3570,Deep Neutral,H_2 4-1 Q(2) 9057.20A,False,9057.224370301912,0.0411428729480423,0.20077424686812836,0.006608343464107434,,,0.015876369821708106,0.004958619327319831,,,,,,,9057.18,stronger deep,672.0
3574,Med Neb,He I 9063.29,False,9061.685456484178,0.4231252631497771,0.32942200480487777,0.11150941797631285,0.5577554230268971,0.22938681346643883,0.4539920255470723,0.18680853654980809,0.30887703168458347,0.12960866564385756,0.3789904536809326,0.14903587962728013,0.09654233421023843,0.06661468667910181,,,
3579,Med Neb,[S III] 9068.90,False,9068.689786930356,0.0379989873259054,10.180582706894661,0.35940201433889235,7.680967979852977,0.23349520393369483,12.526119773675344,0.3951950003003832,12.315794402455285,0.4928538258386149,5.618200289966222,0.2723901673909872,12.49067063436577,0.5072576847467496,,,
3591,Deep Neutral?,H_2 9-5 S(2) 9083.40A,False,9084.618632529957,0.2196736245445132,0.06166407421086434,0.010836776548865931,,,0.026159598604073478,0.02245637196945902,,,,,0.05495264427886472,0.05213521296555523,9084.11,,676.0
3603,Deep Neutral,H_2 4-1 Q(3) 9099.25A,False,9097.430216110371,0.089439673919074,0.2074032274898112,0.017341455377116136,0.21319604896989036,0.01525454808056154,0.0939946764045222,0.010156988678913875,,,,,0.19523978466507955,0.1435273933873841,9098.84,,678.0
3615,Deep Neutral,H_2 5-2 S(2) 9113.54A,False,9113.602110573722,0.0602446455173282,0.06856841394678471,0.0033047038335275746,,,,,,,,,,,9113.6,,680.0
3622,Low Neb?,[Cl II] 9123.60,False,9121.40720859767,0.1708081505039648,0.04360024095569528,0.007875111031571262,0.05770178690921061,0.025216773681197277,0.031506138600360944,0.008935303480469553,0.013827730956903673,0.010689315681346992,,,0.11167892706186712,0.01526053678536377,,,
3640,Deep Neutral,H_2 9-5 S(1) 9145.66A,False,9144.417955794539,0.1622283755513651,0.12435406020122257,0.016139005743728802,,,0.02789312246281497,0.010906960141732213,,,,,0.062477484005084544,0.030923383106366564,9145.25,,686.0
3649,Deep Neutral?,H_2 4-1 Q(4) 9155.56A,False,9155.354137228163,0.2390973263915589,0.06554549569734545,0.012537402222595783,0.02496730803747734,0.007895160363810619,0.01710984901891719,0.0035956516672437087,,,,,,,9155.28,,688.0
3654,Deep Neutral?,H_2 9-5 S(7) 9162.58A,False,9162.896676776316,0.3096009475193096,0.02394316312851376,0.005930260792957806,,,,,,,,,,,9162.9,,691.0
3687,Neutral,Ca I] 9204.09,False,9203.802355159916,0.0729181183986203,0.024983056689799575,0.00471612023641126,0.017055349048951993,0.006288854823013037,0.014903053188576432,0.008022109632796598,,,,,0.23630196950471216,0.01378455599213743,,,
3692,Med Neb,He I 9210.28,False,9210.45348238596,0.1355344295991763,0.04569062497956305,0.004954122235707964,0.04541308814123574,0.00646476039862604,0.04952371027195488,0.008355973489710252,0.04231205704183879,0.007542611398888181,0.048924124087960916,0.022925225985162268,,,,,
3699,"Fe, Ni?",Fe I] 9218.47,False,9218.100387010065,0.0851676200130327,0.03009352387438116,0.012278256941873306,0.027885570752085705,0.007681471164619323,0.021952909564722865,0.0014957416479910303,,,,,0.24066090616660193,0.026298592701054665,,,
3707,Med Neb,H I 9229.01,False,9228.769415067292,0.0513323326290666,2.239927776094262,0.09710292586305004,2.0581987546823237,0.08710553180661477,1.9369287843266434,0.0795416581086951,1.7894953928831279,0.08332867408935718,2.0271057704190514,0.11680802589524673,2.4793452723204012,0.11699894317936746,,,
3711,Deep Neutral,,True,9234.752866424918,0.4865053757868172,,,0.26409088969704936,0.10278531002715033,,,,,,,,,,,
3720,Neutral,Ca I] 9244.31,False,9243.859259779996,0.1866570276805428,0.01873730947438265,0.0069146373052840285,0.0504429130426093,0.014250694476835433,,,,,,,0.1470805825378805,0.021962899492834816,,,
3736,Deep Neutral??,H_2 9-5 S(8) 9264.11A,False,9263.51699650315,0.2100796522847443,0.0288017842166471,0.004840535050730769,0.024278996694505024,0.013929447796095382,0.00614981148371521,0.001280261977509405,,,,,0.018081928314016716,0.007997649051639584,9264.38,,708.0
3762,Deep Neutral?,H_2 4-1 O(2) 9297.59A,False,9297.286646494418,0.0381802642163232,0.17805575181426475,0.005438572519603762,,,,,,,,,0.14080921411148747,0.011693162011096101,9297.37,blend 8-4 Q(8),711.0
