Index,Type,ID,blend,wave,e_wave,F(0),E(0),F(I),E(I),F(II),E(II),F(III),E(III),F(IV),E(IV),F(MYSO),E(MYSO)
7,"Fe, Ni",[Fe III] 4607.12+,True,4608.997,0.117208178930649,0.0292036445189849,0.0027383247937666,0.047758360836298,0.012580134702130397,,,0.0074631654350737,0.0048473570851192,0.1103709090348863,0.006240620114415201,0.0687294248487587,0.007188779622215
35,High Perm,O II 4641.81+,True,4643.3533,0.3677040703236427,0.0690839659644425,0.0203219643833804,0.2167874978760972,0.0459282337132809,,,0.0179646946638731,0.0104447504984369,0.0618133580232991,0.0259343258745562,0.0444434820153937,0.0192719299531705
42,High Perm,O II 4649.13+,True,4652.441,0.1291934294562925,0.0671989933686999,0.0069453347274503995,0.2142492934360713,0.0465568425946651,0.065180709420117,0.0226464474126159,0.0985654931896056,0.0128549391789785,0.157484122720742,0.0125764323767267,,
49,"Fe, Ni",[Fe III] 4658.10,False,4660.5449,0.1594571396928527,0.1046940607107284,0.0133553723710101,0.1338417711295622,0.0765868415610411,0.1555634963446746,0.005899924936864,0.0709894352741924,0.013281218818746,,,0.7662995647626919,0.09068716038317771
71,High Neb,He II  4685.68,False,,-0.1955078285105329,,,0.076720528089346,0.0509491476899061,,,,,0.2314364630157585,0.010316172306908398,,
83,"Fe, Ni",[Fe III] 4701.62,False,4704.8008,0.8875387554593522,0.0333515230392127,0.023680615400717395,,,0.0610792502447867,0.0185335658553887,0.0366599154026512,0.0110203179445364,,,0.2539918582095086,0.014226695165103699
91,High Neb,[Ar IV] 4711.37+,True,4714.5338,0.2717281358796644,0.5452362472884175,0.1185248232717643,1.0649979822439015,0.1268437237739799,0.2974193604742097,0.179004210181559,0.4420133909420527,0.2077906399315348,1.616600763872566,0.1545522003078336,0.100055196503652,0.044004714608721206
110,"Fe, Ni",[Fe III] 4734.00,False,,-4.454447068083451,,,,,,,,,,,0.0660364868502442,0.0314562229626602
114,High Neb,[Ar IV] 4740.17,False,4742.7556,0.0576921732639282,0.4219709720932324,0.0194755379474808,0.7795470089045955,0.047837931580776996,0.1530152846332237,0.006970200576237301,0.2703571155026968,0.023993967909273,1.457841344787178,0.07329795388020131,0.0701717704409672,0.004643213889354499
126,"Fe, Ni",[Fe III] 4754.81,False,4758.7343,0.5304827996456176,0.0347666508336426,0.014754488214825896,0.0583398916551522,0.0472650222205282,0.052716560706534,0.005729265951087,0.0068176649603359,0.003426424952561099,,,0.1752242803996103,0.011777597449164599
138,"Fe, Ni",[Fe III] 4769.53,False,,3.758882428940588,,,,,,,0.0159518437211422,0.0054139312898734,,,0.0914929529861628,0.0144374799069232
174,"Fe, Ni",[Fe II] 4814.534,False,4817.1938,0.638125742966585,0.0146308094662013,0.0074690369286578,,,0.0481331479456644,0.0093228565944497,,,,,0.3488877436636418,0.018876708562258905
211,Med Neb,H I 4861.32,False,4863.9262,0.0464958902131576,100.0,3.7196712170526096,100.0,3.1564122919931217,100.0,3.6237875319031736,100.0,3.767709468374071,100.0,3.637909613196005,100.0,4.097074872992631
227,"Fe, Ni",[Fe III] 4881.073,False,4883.3858,0.1213728724600711,0.0515469834501988,0.005005124358401901,0.0595507451680864,0.0208475350534989,0.0866839394133957,0.0120972841060825,0.0178425908290845,0.0065794553682249,,,0.4347426800642468,0.0178117356529854
260,Med Neb,He I 4921.93,False,4924.5984,0.0461872791066398,0.904373794591165,0.0334164518940105,0.833630861608731,0.0388623516035454,0.984497557150708,0.0345023709530994,1.1755604774773951,0.05852801467524311,1.0271848891931152,0.0395556581072617,0.4169529253469207,0.0807122824396548
268,"Fe, Ni",[Fe III] 4930.64,False,4933.7424,0.4610309378096824,0.0529824592019961,0.0195412422826876,0.2996012690401232,0.2557642439788619,0.04065436026431,0.007228627040413999,0.0555616268846922,0.0070722849939476,0.1009174537680995,0.0119499352173158,0.0560787756452298,0.0277262679647776
289,Med Neb,[O III] 4958.91,False,4961.5496,0.0375591767296628,121.23776493485629,3.6428725115980707,182.2641528765968,5.9697155337927805,109.88463428181616,3.489878739720447,146.8983794484866,5.453661631488735,181.017074527913,6.698385871023539,45.62168813505012,1.373333987785959
311,"Fe, Ni",[Fe III] 4987.20+,True,4988.7116,0.1072547493731995,0.1588933081645676,0.013633649555415399,0.1490166631180964,0.09249303338239398,0.306604086216439,0.013560075412742999,0.1653227358350733,0.0077269929638857995,,,0.2329847211720831,0.026505756314564696
328,Med Neb,[O III] 5006.84,False,5009.4968,0.0258406145423788,339.64405758590755,7.021288938949579,438.3957248866972,5.1002221376473615,345.06322196217315,9.161425383832173,476.5381855635561,17.30646054493251,552.7623001371675,13.467395460702654,119.7526836276139,1.5144157002334993
335,Med Neb,He I 5015.68,False,5018.4071,0.0499733482020589,1.96860430426008,0.0787021986950887,1.750887575939467,0.14989536844954726,2.273872982235714,0.1225843494836627,2.446516207909595,0.15072672494730718,1.6861495845427257,0.0557427507914064,1.056472249615031,0.08288557512043089
356,Med Perm,Si II 5041.03,False,5044.4243,0.2703897551531772,0.0723635572561451,0.0156530916228016,0.2380168224738675,0.0380746012332033,0.0864979375334582,0.027127464782019297,0.0543174767761249,0.0195513066846924,0.0961950056527083,0.014761424236580502,0.7329610333326361,0.3198841193883077
360,Med Neb,He I 5047.74,False,5050.3404,0.0426201960080041,0.1506484457465583,0.0051365330288156,0.1927839997237303,0.0207361360112283,0.1573199191602867,0.012750664223057503,0.1855484173768589,0.0094950642123727,0.1608242865214333,0.0142057677453715,0.1726327035501717,0.0060031154494804
367,Med Perm,Si II 5055.98,False,5062.0768,0.8235108605361418,0.0492852280869045,0.0324695364748534,,,0.0080721700272549,0.0057950915598867,0.0210243996170533,0.0076316646056255,,,0.9820536486368484,0.0456990669587905
428,Stellar,O I 5131.14,False,5134.6596,0.7491813017595216,0.0067549512506187,0.0040485465370085,0.0346212309228145,0.0165905002238722,,,,,0.0128813491865224,0.010256400493113,0.0167411212776389,0.0068543288322716
441,Neutral,O I 5146.61,False,5150.0655,0.400531433222046,0.022869509257546,0.0073279658560078,0.1163925858660202,0.025940062700155198,,,0.0130581864333824,0.0025738656730262,,,0.084943073492024,0.0526077918534672
449,"Fe, Ni",[Fe II] 5158.81,False,5163.341,0.7443637090637717,0.0368231540711343,0.021927855635053,0.0256692418445434,0.0231391724944943,,,,,,,0.5333491382909459,0.0362808987164441
475,Med Neb,[Ar  III] 5191.82,False,5194.0835,0.2513643996641473,0.0644443579552084,0.012959213879321902,,,0.0747539201014562,0.0098640893779141,0.0783519581621296,0.0182850583032735,0.079881483028448,0.0201453150199284,0.083975473018228,0.0427816531430831
482,Neutral,[N I]  5199.00+,True,5202.1225,0.2225942053078839,0.1878596130581951,0.0334531690225084,0.7318644710603165,0.09838126847384021,0.0751447594947426,0.018982155189431298,,,,,0.5063387956135641,0.21950426063533326
498,Med Perm,Si II 5219.31 ,False,5223.0791,0.3571890564513619,0.0423960354644822,0.0121147199238695,0.1582457918006371,0.04856998242998389,0.0151250136293466,0.006526487213217,,,0.0515874497571213,0.0194081293164519,0.0748432842427561,0.0077646129390808
531,"Fe, Ni",[Fe II] 5261.61,False,,2.0878154405774194,,,,,0.0166002433450858,0.0035740867592738003,,,,,0.4991634461085159,0.0352159258071706
539,"Fe, Ni",[Fe III] 5270.40+,True,5273.4875,0.2575949774626568,0.0471970289699592,0.0097261740910568,0.0369941356610505,0.0313110879524879,0.1108665382594448,0.007004332373392701,0.0541890707677093,0.0066549985955254,,,0.2280544497283868,0.0403504041351206
576,Stellar,None,False,,9.679705215419666,,,,,0.0061559134155296,0.0028695089465657,,,0.0101317588701302,0.0074736904953053,0.1414038391295949,0.0456841930354766
589,"Fe, Ni",[Fe II] 5333.646,False,5336.3032,0.360065328368053,0.047223131458921,0.0136027298682593,0.1382118295385365,0.0353532817720213,0.0205355493267685,0.010256605045201298,,,0.047222341394911,0.0110489304686223,0.1890564762022297,0.0208532404860543
623,"Fe, Ni",[Fe II] 5376.452,False,5378.9109,0.3924467152609701,0.0334783065570272,0.0105107611526441,0.0832562104700855,0.0287648241291598,0.0302947618880452,0.013791684036297599,0.0081496753071151,0.0026602007899411,0.0115525588468496,0.0115005397284097,0.1055072373167624,0.0113594277194259
652,High Neb,He II 5411.52+,True,,-0.2051970682283605,,,,,,,,,,,0.0242385960037104,0.0189459785479778
669,Stellar,O II 5433.49,False,,-2.4340432294977887,,,,,0.0114920908351246,0.005587862791443099,,,,,0.0530259615832059,0.0173697676459445
737,Med Neb,[Cl III] 5517.71,False,5520.7007,0.0693158595382658,0.317859330405529,0.0176261541594535,0.256472423604725,0.013757781720419702,0.3868650746365506,0.0154178203722018,0.4257769717428002,0.0268394294709274,0.286032480490646,0.0074382701612043,0.2289685668004666,0.013807675496889901
753,Med Neb,[Cl III]] 5537.88,False,5540.8384,0.0513786476159844,0.252380013931638,0.0103735550408887,0.2123424887166695,0.0138055241671071,0.2909930746339773,0.0092643449421832,0.3200780042208096,0.013955711919643796,0.1979111167891874,0.007210251760429301,0.1848566002216646,0.01737571721527
785,Low Neb,[O I] 5577.34,False,,-1.2019457348683764,,,,,,,,,,,0.0561024553192721,0.0374912111049561
914,High Perm,Si III 5739.73,False,5743.2351,0.2966127370973991,0.0108884668240721,0.0025837263579858,0.0200359134598131,0.0067635132807153,0.0177149132234128,0.0038471411365170994,0.0188791536697517,0.0027267507758963,0.0665486446926969,0.0039471534813771,,
920,Stellar?,None,False,5749.4156,0.2825193208005819,0.0438540459193494,0.0099116922139937,0.0317624849192233,0.0026258345678071,0.0345398427681374,0.0068775571268155,0.0105598639876568,0.0008165863141536,0.0320133407146357,0.0023377420506642,0.0761072889123225,0.0074152882258235
926,Low Neb,[N II] 5755.08,False,5757.904,0.0787482255645964,0.2151236627788127,0.0135524853766305,0.0259331530095614,0.0188503093670759,0.2628159474433088,0.0173608948245492,0.0634134807776726,0.0100148735621313,0.0292697633758207,0.013658966337687702,0.4537315418369786,0.0226627594994967
965,Stellar,None,False,,-6.54120198265207,,,,,0.0042713506154487,0.0019455124378584,0.0036283373459054,0.0031350439329732005,0.008280867334193,0.0030638588997341,,
1018,"Fe, Ni",Ni II 5867.99,False,5870.3599,0.6952950929208902,0.4252953105088695,0.2365645939512666,0.7805172705406911,0.3264469362995609,0.4566016528880477,0.2602305734549066,0.3401874262684891,0.2020097843947729,0.4498051588947588,0.2222448863165559,0.1826584732381551,0.115603956718583
1023,Med Neb,He I 5875.62,False,5878.8789,0.0481264731578548,12.417839619297435,0.4781014600933319,11.60494748609362,0.3458940262502294,12.988575039158317,0.4487185472746479,13.227425677127394,0.4961733128548833,11.46740285788352,0.4421232515609907,7.97605085861847,0.3086908546407597
1089,Med Perm,Si II 5957.56,False,5961.7242,0.2557232096664781,0.0381152272747442,0.0077975586046919,0.0986251547858387,0.0267198559960494,0.0185335658553887,0.0026817840622109,,,0.0042902167971723,0.0031834025273249,0.5516082083287424,0.0258610779812176
1106,Med Perm,Si II 5978.93,False,5983.1263,0.102119362519524,0.023512749164105,0.0019208855645758995,0.1059525706616322,0.0142192920383979,0.0362504065645588,0.0020430318583025,0.0134756900183172,0.002480335963035,0.0108164817504769,0.003860816417006,0.7038106779045531,0.023914293904050005
1146,Deep Neutral?,UIL,False,6033.0107,0.1802595833991344,0.0304597401549428,0.0043925280566207,0.0245747867190276,0.0077024480655675,,,,,,,0.0172526838910002,0.0022187643891927
1153,Deep Neutral?,UIL,False,6040.8426,0.1186752607442394,0.0417882203643713,0.0039673823582236,,,,,,,0.009266844909167,0.0040445594001548,0.0259823182077537,0.0055789961504161
1160,Neutral,O I 6046.23,False,6049.7924,0.0454347826086927,0.0222235251434837,0.0008077768269544,0.0432426205975057,0.0031191731835769,0.0190451798330922,0.010193217421912702,,,,,0.6463378382197358,0.024112754537980795
1190,Neutral?,UIL,False,6086.6675,0.6015461904921657,0.0100270846883321,0.0048254036768068,,,,,,,,,0.01605108810186,0.0011240436332914
1204,High Neb,[K IV] 6101.79,False,6104.1913,0.8922799625842749,0.0111700008121602,0.007973414325392498,0.0142356787247936,0.0101770982188645,0.0115156353768889,0.0043127963691374,0.006406785134395,0.002570268376488,0.1026370593702136,0.007236817011005,,
1300,Deep Neutral,UIL,False,6225.3705,0.0788283390597134,0.0444335229238367,0.0028020966485262,,,,,,,,,0.0275733473412486,0.0030648781411335
1312,Deep Neutral?,UIL,False,,2.321116957646516,,,,,,,,,,,,
1322,"Fe, Ni",Fe II 6248.91,False,6252.2912,0.1618357392091056,0.0211206424971043,0.0027344598328721,0.0963896719762746,0.0188025669203885,0.0125186328560454,0.0092326511305389,0.0081190982865411,0.0007860092935796,,,0.0534160371262014,0.0070362156659384
1332,Deep Neutral?,UIL,False,6265.2584,0.1058800429848915,0.0278793226747175,0.002361491106551,0.0612972491219714,0.006453187377247201,0.0131041721221671,0.0026281483809667,,,0.0061689252001236,0.0027915650813328994,0.0147365143888886,0.0087671153704361
1339,Deep Neutral,UIL+,True,6274.2527,0.2402177934621602,0.0944649075528148,0.0181537213215553,0.0828215332571147,0.042450992179548494,0.0454339022424504,0.0202889154233814,,,0.0239588815351315,0.0170261118481615,0.1011799810206596,0.0339036208016492
1363,Low Neb,[O I] 6300.30,False,6304.0038,0.0446686171725791,2.377820566330401,0.0849711652659984,0.947790376603561,0.6480321001114546,2.6584622928117634,0.0941452484966711,,,,,3.856124114815639,0.1409639959687418
1372,Med Neb,[S III] 6312.06,False,6315.5058,0.0738802928171782,1.4122117735201882,0.0834676954780305,0.8030040820587624,0.0455781224375733,1.8859813655782427,0.1331895864569514,1.898909697641678,0.1409708567359207,0.8282536346213862,0.04538673060863439,1.5914460491991136,0.0577346207351415
1377,"Fe, Ni",Fe II 6317.99,False,,2.744027744800809,,,0.2180371948633883,0.0419337823404349,,,,,,,0.1106461348541759,0.0245224248829687
1401,Med Perm,Si II 6347.11,False,6350.9593,0.0645693201854621,0.029592073088884,0.0015285920337821998,0.078924962526555,0.0119833541185379,0.0324690910368413,0.0018894387711031002,0.0205432261301646,0.0045739625482219,0.0081867179381453,0.0072833061995126,0.7652237726747373,0.111534876269144
1414,Low Neb,[O I] 6363.78 ,False,6367.4987,0.0415073365410074,0.8101016009325068,0.0269001278258516,0.424865927306601,0.1394318155505583,0.9331243264607904,0.0325324786601299,,,,,1.3545181822417436,0.0686525054167641
1420,Med Perm,Si II 6371.36 ,False,6374.9976,0.2025492175668846,0.0229694625961259,0.0037219573414217,0.0487848234400772,0.0067396420573716,0.0854784588750667,0.0122338112947041,0.1358743794996545,0.11820176829787811,,,0.8716271631729268,0.0574498913459901
1430,"Fe, Ni",Fe II 6383.73+,True,,3.4552117263844098,,,,,,,0.0138799954231934,0.0047574246716662,0.023612240576956,0.008283930637865,0.0297608592984633,0.0033585318842732
1470,Deep Neutral?,UIL,False,6437.837,0.21418402981256,0.0471765198714892,0.0080835657108863,0.0402619768514202,0.0161926465014772,0.006288747105228,0.0053635681244219,,,,,0.0496027930649126,0.0048314752615845
1484,Deep Neutral?,UIL,False,6454.8805,0.4292651420916598,0.0201963531543086,0.006935672325214099,,,,,,,,,,
1488,"Fe, Ni",Fe II 6455.8427,False,,-4.068791946308839,,,,,0.0111601127962489,0.0017334076983927,,,,,0.097310803936202,0.0091946344234006
1490,Deep Neutral?,UIL,False,6462.9383,0.09255674415616,0.0499266035299663,0.0036968350956073,,,,,,,,,0.0944978219680778,0.0639982423272335
1498,Deep Neutral?,UIL,False,6471.765,0.2915468258469118,0.0643034815574355,0.014997980751180601,0.1395934821083366,0.0276030912597664,0.0209781867119362,0.006648386488772001,0.02766628916457,0.0045236003966882,0.0358880379661719,0.0059594712124887,0.0749384112091672,0.034264844653557607
1512,Deep Neutral?,UIL,False,6489.972,0.1749124605592707,0.0247619397072777,0.0034649374419362,0.0422413105890551,0.0318521690149452,,,,,,,0.0161826075864351,0.014569220370560399
1517,"Fe, Ni",Fe II 6493.04+,True,,-0.2002037294516455,,,,,,,,,,,0.023386536008431,0.006441258733383401
1524,Deep Neutral?,UIL,False,6505.4555,0.0598255488742811,0.0552766707134095,0.0026455657322981,0.0639828356355669,0.0093256912529392,0.0192210777695192,1.2189927555504336e-05,0.011480771901416,0.0028724412856903,0.0207492430335063,0.0021650679219219,0.0164798283226898,0.0014062232070176
1536,"Fe, Ni",Fe II 6517.03,False,6522.6106,0.8548376732175427,0.039371875671906,0.026925250071665994,,,0.0166389276647871,0.007011646329926,0.0017994193341482,0.0017051185590697005,,,0.1259370802318472,0.0216211598982878
1547,Neutral?,UIL+,True,6533.0039,0.0609202952952946,0.0617775349379903,0.0030108045368302,0.12851697527067,0.013240571881306201,0.0265370530224728,0.0055512930087766,0.01193828834999,0.0032969222771887,0.0272455513607957,0.005731452811713701,0.016722749116744,0.0086268755220481
1561,Low Neb,[N II] 6548.05,False,6551.7575,0.0605901340605037,3.032710222174691,0.14700185514257974,0.7433678930178652,0.6423268777323101,3.7083712783054543,0.19434401501740556,0.9472476536491546,0.1399420299260178,,,6.612994807406761,0.3502345723948907
1573,Med Neb,H I 6562.79,False,6566.3804,0.047214140594185,344.04052955834663,12.994862346132525,323.42043916207865,9.361092277157953,363.16671254549067,12.037034170146669,362.3130091534829,13.039588410280375,300.62728746923966,11.46057009514765,342.96526705173125,13.98342704967444
1590,Low Neb,[N II] 6583.45,False,6587.1221,0.0367976446867983,10.543130200135792,0.31036988719299985,5.011331491595632,0.3968431739401356,13.476380080385304,0.4948476711301874,3.645613626573675,0.1308372723880313,1.844446581825936,0.2371081440136768,16.03142307536213,0.2749410727030997
1616,Deep Neutral?,UIL,False,6618.7711,0.4240531939324112,0.0103048897494258,0.0034958571290923,0.0158890045527004,0.0060075912081647,0.006697146198994,0.0061754172996184,0.0018063601994679,0.0016583537040741002,,,0.0066953903374319,0.0005503351626134
1626,Deep Neutral?,UIL+,True,6632.5681,0.3215266397137427,0.0773454037208575,0.0198948862045361,0.0504637661485841,0.04626243084009281,0.0272433892754,0.0139111453263415,,,,,0.1435747629611553,0.0696511831249815
1632,Deep Neutral?,UIL,False,6640.5436,0.1526761257191888,0.0731596831694805,0.0089357895881277,0.039315001494591,0.0062383463671538,0.0193230054259102,0.0053562541678886,,,0.0130311323165983,0.0030372936491583997,0.1931159072195096,0.0767413698840875
1640,Deep Neutral?,UIL,False,6649.4339,0.0781594011448692,0.0438866309572623,0.0027441222351084005,0.0325762627897041,0.0078854607778692,0.0104443299295561,0.0025403809025671,,,,,0.0249150964584551,0.0009578806614135999
1648,Deep Neutral?,UIL,False,6659.6846,0.099541652829918,0.0371774021356161,0.0029605600452014,0.0217028122761848,0.0163517879904352,0.0202624326423033,0.0025988925548335,,,,,0.0104593428743176,0.0023335060833283
1657,"Fe, Ni",[Ni II]  6666.80,False,6671.431,0.1349629950707236,0.0330401576351681,0.0035673589056408996,,,0.0182044378113901,0.0037057379768733,,,,,0.2056481705712571,0.0346587911367565
1665,Med Neb,He I 6678.15,False,6681.7923,0.0616768976271092,3.0724083789586194,0.1515972936461627,2.9180183415340264,0.0874800764802167,3.3178214828828003,0.2744415909991136,3.4351591823258083,0.3038330615545821,2.757742798186383,0.2034964607227346,1.916972060184993,0.0599274620008444
1682,Deep Neutral?,UIL,False,6703.0932,0.0951691111451268,0.0341644291240235,0.0026011186820112005,0.0282317001411505,0.0012413036138724,0.0032703368510526,0.0030255400192761,,,,,0.014205354803906,0.0028043719985219
1696,Low Neb,[S II] 6716.44,False,6720.2441,0.039548196043954,17.76698753700845,0.5621218449792786,6.908061034579891,1.173795794256472,23.100524652044005,0.6948331846202803,3.333142343855952,0.19153085957922383,,,16.599484979781025,0.6015443807061416
1708,Low Neb,[S II] 6730.816,False,6734.6266,0.0359163165460769,13.625734115503509,0.3915089437320826,8.223634905915281,0.585545194472093,17.31397793061796,0.6602211043191814,2.9428637613688733,0.122358444447678,,,13.730242277087166,0.23114714283619786
1744,Deep Neutral,UIL,False,6780.618,0.1344000376173386,0.0686756484585398,0.007384007788978301,0.0276330513960007,0.0090551507217106,0.0218375624863309,0.0020479078293247,,,,,0.0309873031057558,0.0030270558789924997
1756,None,None,False,6794.2967,0.67484257989896,0.0029924639131225,0.0016155536539089,,,,,0.0021967838737045,0.0020522576749985,,,0.0046452988147049,0.0028885159075547
1759,High Neb,[K IV] 6795.1,False,6798.9564,0.2390813253012046,0.0051326680679211,0.0009817000672078,0.0151184414510107,0.0042809060529704,,,0.0039267945546551,0.0035325452004356006,0.0222128381902474,0.002058806919619,,
1794,None,None,False,6841.8429,0.4927786792529763,0.0139461869595992,0.005497906872453099,0.0386164131166022,0.0198369865986156,0.0092012069214642,0.0041787071660268,0.0053006164489226,0.0030469101677892,,,0.0061884020370475,0.0024665214546781
1801,Deep Neutral?,UIL,False,6851.4393,0.1098379218367965,0.0476575514537855,0.0041876851292112,0.0256226692860108,0.010455595824541,0.0085843399272412,0.0041006916296716,,,,,0.0235784230222217,0.0031277735882893
1913,Deep Neutral?,UIL,False,6991.2298,0.0439168092096325,0.0711751873530131,0.0025006296987537,0.026934463018012,0.0117685131084446,0.0202425936986705,0.0034619394257632,,,,,0.0370318193591761,0.0033466327456221
1925,Neutral,O I 7001.92,False,7006.4834,0.148930627233027,0.0389433459731726,0.0046398855538698994,0.0553414527851471,0.0083071857236079,0.013391854412477,0.0030157880772317,,,,,0.4719143143025734,0.0165432024789305
1931,Deep Neutral?,UIL,False,7014.0209,0.1295240996914984,0.0671206859018145,0.006954997129686699,0.0460447362025496,0.0179034175077758,0.0207191967525296,0.0064826034740172,,,0.0141117106121454,0.0086137824991804,0.0506316340750248,0.0063065434850834
1936,Deep Neutral?,UIL,False,7019.7787,0.1372082973206538,0.0245946786522711,0.0026996751848214003,,,0.0276106841269221,0.0056658783277984,0.0032292375900191,0.0028310723755019,0.0176851081439548,0.0023930863226969,0.0342146793696196,0.007220227345792999
1944,Deep Neutral?,UIL,False,7029.5474,0.1749157647539288,0.0378534270009182,0.0052969289059381,0.0534187246368757,0.0129222889033902,0.0140086647467855,0.0042737886009598,0.0069998626749796,0.004192649115180999,,,0.0684003715520496,0.0303483281603952
1954,Deep Neutral?,UIL,False,7041.8422,0.0818997906973581,0.0484891021735691,0.0031769978552945,0.0508261855452284,0.0097553732731258,0.027349339713339,0.0043396142097595,0.0123877093794446,0.0029048169545333995,0.0116188913758832,0.0031900438399688,0.032447277491534,0.007416988102773701
1958,Deep Neutral?,UIL,False,7047.5264,0.0619561104805145,0.0459679123989607,0.0022783944473189,0.0318323437570222,0.0140840217727836,0.0158266409739209,0.0023575319892345,0.0076904787742959,0.006996741766647,,,0.0253119384702123,0.0041430250967708
1969,Deep Neutral?,UIL,False,7060.5535,0.2895599287789779,0.1011005331396081,0.0234197305403373,,,0.0514636593882718,0.0269080460860202,0.0490476247820958,0.0320033486514014,0.0078345351489589,0.007683998729029801,0.07440439373249,0.0131391988862406
1975,Med Neb,He I 7065.28,False,7069.1146,0.0460097544298417,2.509696897012281,0.0923764303398966,2.189540218754299,0.0642295049434518,2.522883480553933,0.0847370624093328,2.513932914052833,0.1007656719776013,2.0877607175981376,0.0956924601155415,1.803359084344282,0.0659339772042251
1987,Neutral?,UIL,False,7083.4766,0.1778294482550914,0.0252522936070604,0.0035924811514553,0.0127472332655364,0.0039626230750543,0.0159208191409778,0.002345342061679,0.0084192696328709,0.0008525592795347998,0.008383575766245,0.0018219334353188,0.0237866408456968,0.0079847470041262
1997,Deep Neutral,UIL,False,7096.339,0.0845185834925953,0.1193815977303661,0.0080719708282027,0.0356202451843392,0.0099224718365317,0.0283688183717305,0.0046833701668247,,,,,0.0672531321717261,0.0057022372293025
2008,Deep Neutral,UIL,False,7109.4219,0.0827662609288101,0.0985313024403664,0.006524053989947899,0.0251682264787088,0.0013049602094556,0.0252044319586169,0.0035643348172294,,,,,0.0272787753576487,0.0027474261206916007
2012,Deep Neutral,UIL,False,7115.5955,0.1505135382516086,0.0717874380354878,0.0086439850405915,,,0.023610466481178,0.0026500902505666004,,,,,0.0406673905461367,0.0021273960031218003
2032,Med Neb,[Ar III] 7135.78,False,7139.6575,0.0359218032381878,8.815490747805388,0.2533346592725842,6.177068936830616,0.22044279050463197,11.080468612996642,0.3380803267953794,11.63862846810188,0.3857021348174291,7.268952109118183,0.2133831614786687,5.102630283350363,0.1415878508094495
2039,Deep Neutral,UIL,False,7148.0009,0.2575592122870501,0.0786132388990029,0.0161980511089287,,,0.0375347084805485,0.0090863719998729,0.0374546444817639,0.0267207186851694,,,0.0372709904020402,0.011791621434003398
2047,"Fe, Ni",[Fe II] 7155.14,False,7158.9886,0.2168190126339138,0.0118206985727084,0.0020503617545422,,,,,,,,,0.2802971181787698,0.018333597876683698
2052,Med Neb,He I 7160.13,False,7165.4304,0.1975629258092101,0.0190007475007053,0.0030030746150411,0.0499956415847306,0.0292502056704817,0.0201938339884484,0.003554582875185,0.0217162323692043,0.002097223881725,0.0134176653116248,0.0015252881372231,,
2060,High Neb,[Ar IV] 7170.5,False,7174.1279,0.285321041262132,0.042483665248854,0.0096971868843479,0.0528210434690408,0.013447455816951599,0.0145199189060056,0.0069068129529487,0.0085632925882559,0.0031512317673947,0.0708428819728275,0.004757393623936899,0.0291847899868489,0.007854706417439202
2066,Deep Neutral,UIL,False,7182.5846,0.0636066101513027,0.0900439264400544,0.0045819111404521,0.0146548317515869,0.0109568915147588,0.022624505543016,0.004134823426827,,,,,0.0325330950105849,0.008626875522048098
2071,Deep Neutral??,UIL,False,7188.7929,0.0511851377322227,0.0754150494543003,0.0030881037547206,0.0926601319457999,0.0064452303027993,0.0364551973474912,0.0029621523959875,0.023287099139532,0.0025073156870708997,0.0224719882161861,0.0026255322652346,0.1290301355860574,0.0088244862175039
2079,Deep Neutral?,UIL,False,7198.1896,0.0863536600617001,0.0326448913737464,0.0022552046819517,,,0.0085702132021827,0.0061071537053076,,,,,,
2082,Deep Neutral??,UIL,False,7203.0002,0.0907064868156019,0.0284684931398557,0.0020658215981203,0.0462306025423011,0.0033181000447744,0.0154543901548683,0.0013628339007052998,0.0112253638472093,0.0022303238536355,0.0123185925692375,0.003205540236138,0.053708462178694,0.005083906988682799
2101,Deep Neutral?,UIL,False,7226.2149,0.2424054260603745,0.040458410643824,0.0078458706158734,,,0.0149672651995262,0.009503267522271099,0.0116728002515091,0.010655192345916999,0.0137586503769666,0.0105508320203273,0.0454400696763793,0.0170829134106054
2114,Deep Neutral,UIL+,True,7241.9484,0.3119028590435685,0.0845646063822972,0.021100754003626,,,,,,,,,0.0248946862827779,0.0204231716176645
2127,Neutral,O I 7254.15+,True,7258.1056,0.2846784861906456,0.0635129490345919,0.014464616147737,0.0907776786730981,0.0106783939090823,0.0285829421321465,0.0032547106573196,,,0.0115611178828539,0.0056296193511734,0.9365493305353358,0.0326066146886792
2134,High Neb,[Ar IV] 7262.7+,True,7267.5972,0.1255259946078868,0.0514964817946699,0.0051713176768663,0.1279503424751902,0.0799606411269509,0.0369232905656226,0.0076089527801458,0.0446991726592651,0.026343002548666596,0.0743273573400108,0.0082684342416959,0.0795189688206444,0.0097623933247532
2148,Med Neb,He I 7281.35,False,7285.2357,0.0477785393122969,0.8656082368191402,0.03308599773752909,0.9331738629519648,0.0440264929202327,0.8502452010985225,0.037079321638333,0.9408846153672632,0.0487307775536682,0.8605276196347281,0.0430489885579702,0.5991764521145725,0.029073420447777297
2154,"Fe, Ni?",UIL,False,7294.6905,0.6340786015987718,0.1193554952414043,0.060544612412638796,0.0573541058328791,0.0445198315360026,0.1206704854500736,0.065696395567635,0.0579128450117614,0.0226755587280513,0.0588326737347899,0.019330647335606,0.1752928698002845,0.0537917561492517
2168,Deep Neutral??,UIL,False,7309.7648,0.3242133137886436,0.0964412388599238,0.0250140269093264,0.2711531978698022,0.0941162765697656,0.0767434338805344,0.0176046933756593,0.0519974925429945,0.0151284305910716,0.0747075457638281,0.0263239495496669,0.0579274233014949,0.013310886458206501
2179,Low Neb,[O II] 7319.99+,True,7323.9578,0.0530400856124325,3.464495730117566,0.1470057201034742,0.4576685326997188,0.24116301236696464,4.5376123936961,0.18594271694615197,1.5689791350994664,0.08588005890285288,0.6759263310932553,0.1552185453431082,12.089900503072226,0.5543341231386613
2187,Low Neb,[O II] 7330.73+,True,7334.309,0.0922843915280817,2.0849661372410697,0.1539278650655576,,,2.8999270566551605,0.29320676547805685,1.0852407322876665,0.1606912363579048,0.4475091974865963,0.2560071060274273,7.313342780399483,0.2803921531130165
2225,"Fe, Ni",[Ni II] 7377.83,False,7381.3211,0.0803901537264058,0.0198620340369327,0.0012773695756385,,,0.0028743849175879,0.0007362716243524001,,,,,0.3785464479689976,0.0095465089520832
2252,"Fe, Ni",[Ni II] 7411.61 ,False,,-0.749414519906321,,,,,,,,,,,0.1551180213942263,0.006167578544408099
2263,"Fe, Ni?",UIL,False,7429.3168,0.1418439226315305,0.0224966165580914,0.0025528066708297,0.052945236958461,0.0091426785406375,0.0107622100404332,0.0057902155888645,,,,,0.0905816938057777,0.0155521742169888
2277,Neutral,N I 7442.30,False,7446.8551,0.0511903074960954,0.01363751451631,0.0005584868492579001,0.0830798143105278,0.00382735280944,0.007322352488678,0.0021893109889685003,,,,,0.2814014891836719,0.015343514321357
2285,"Fe, Ni?",[Fe II] 7452.54?,False,7456.917,0.5559441559678596,0.0045231884443833,0.0020117121455970003,0.0077465689025867,0.006978354290808601,,,,,,,0.0870746524260699,0.005145527528126
2294,Deep Neutral,UIL,False,7467.0071,0.0388113254467295,0.108794784219813,0.0033779758218095003,0.0530228578893487,0.0109966768869983,0.0345755105184324,0.0019674543074584,0.0116228651146718,0.0041800585772976,0.0036803854818635,0.0034889029089458005,0.0313065704350842,0.0062763706692181
2298,Neutral,N I 7468.31+,True,7472.5033,0.4583345446088541,0.0664753949052781,0.0243743758812835,0.1728074784351589,0.07956278740455579,0.0238873820377663,0.0221320324697736,,,,,0.4419729505940258,0.0238794464265717
2314,Deep Neutral,UIL,False,7492.6007,0.0406451051990953,0.077795865365324,0.0025296169054626005,0.0333459519093312,0.016765555861726,0.020135322336182,0.0027914934102104,,,,,0.0143877585061311,0.0017861457053777003
2323,Med Neb,He I 7499.85,False,7503.9271,0.0787771299298076,0.0555013493868115,0.0034977896095396,0.0429363737208704,0.0035886405760029998,0.0502956410940109,0.0022136908440795,0.0515672458739773,0.0019982982269267,0.0462323910852952,0.0016027701180689998,0.0223682558178819,0.0062372734993645
2334,"Fe, Ni",Fe II 7513.1762,False,7517.4727,0.1371107324994944,0.0366628102103689,0.0040214918107469,0.1537748261815089,0.027396207324121,0.029282346592183,0.0038642070350948,0.031277274347176,0.0074032362754548,0.0423929053294656,0.011159619012687798,0.1866374750177397,0.0096493515075677
2345,Deep Neutral?,UIL+,True,7530.5524,0.0041443791167496,0.0874292803949124,0.0002898720670889,0.1433307820300295,0.0183490136768582,0.039759667677269,0.0079137009690334,0.023993967909273,0.008014776686935498,0.0205172285279886,0.0049522054614923,0.0398319416653226,0.0010658228477486
2348,High Neb,[Cl IV] 7530.8,False,7534.6567,0.0407798192953697,0.0318685350557557,0.0010396744806255,0.0854987649426895,0.0007240937747589,0.014213455529718,0.0012555625382168999,0.0374424979674543,0.0024353697563085004,0.1394031591615868,0.0081422493014612,,
2426,Deep Neutral,UIL,False,7633.0809,0.1016354900609308,0.3048155437786097,0.024784061736102505,0.292793913401277,0.0796582722979307,0.1355977249286006,0.0253648012574934,0.0570261494671619,0.0257026837648809,0.0695999410282419,0.0320930364663629,0.3447793202173089,0.0802418414936988
2434,Deep Neutral,UIL,False,7641.9567,0.120476861858208,0.2700177629737751,0.026024714183243095,0.2416483939082866,0.0738336938020676,0.1205315656833157,0.0208959738156455,0.060324864296035,0.0200009687519577,0.0701964608754848,0.0261778406715004,0.41102472194794,0.0885601893492934
2454,Deep Neutral,UIL,False,7667.4675,0.1246799107880385,0.187156866356184,0.0186677611205263,0.1362251145480544,0.019248163089471,0.0660840352639001,0.0101493336827129,0.015551008748926,0.0019389428340475998,0.0210060141136363,0.0024993473249999,0.1804780606443851,0.013350408597297601
2489,Deep Neutral,UIL+,True,7711.1915,0.2780358859339952,0.2110945016563869,0.046953477427062996,0.2025950725179915,0.1561416718911491,0.1080539558375015,0.05115381199391831,,,0.0412074788428654,0.0394427557923149,,
2501,Deep Neutral?,UIL+,True,7725.4005,0.5813665942496608,0.030015997842592,0.0139602387510023,,,,,,,0.018839190199955,0.0022425499027678,0.0091877135283986,0.0029114642463818
2503,Deep Neutral?,UIL,False,7728.9377,0.0283088235294096,0.0197113005620464,0.00044640298331689995,,,,,0.224656723021056,0.22330757854872355,,,0.0103560753495956,0.0003149022050166
2516,Deep Neutral?,UIL,False,7744.1426,0.3904788117936982,0.126787246741533,0.0396061867665826,0.4523359747477377,0.1747691831736839,0.1316963943582663,0.04800149672806489,0.1674778745168594,0.07464929911083641,0.1598785130429545,0.07830550361372629,0.039016753957294,0.0123083840268512
2524,Med Neb,[Ar III] 7751.10,False,7755.337,0.0530359968986612,2.116087347034027,0.0897830415796744,1.6525013501166068,0.2706758014942271,2.389769471647825,0.1016152361026841,2.4145036377391444,0.0930710546825586,1.497846233378427,0.08329091563843831,1.25966364109818,0.0445962717873759
2538,Deep Neutral,UIL,False,7773.066,0.0875513393433726,0.1496242311095108,0.010479841465488,0.0847698186223945,0.0470660953593307,0.0335297819264516,0.0113707644237744,,,,,0.0305218750297526,0.0103543754726454
2549,Deep Neutral,UIL,False,7786.3967,0.1846976981760953,0.1244697186144232,0.0183914164165682,0.1154611346953685,0.0432785279221301,0.0477389128811693,0.0123386446716814,0.0196634714508848,0.0163856857311452,0.0166409057514261,0.0108076294425594,0.0661405122536692,0.007274623408198
2556,Deep Neutral,UIL+,True,7794.6572,0.3074800430996978,0.131150091325151,0.0322608285865494,,,,,,,0.1779008417930189,0.0247853787871559,0.0822791101622692,0.0097436946783014
2565,Deep Neutral,UIL+,True,7808.9397,0.86086451946493,0.2239313883399286,0.1542196696130938,,,,,,,,,0.0691340331771177,0.0114490962285467
2577,Med Neb,He I 7816.13+,True,7821.7554,0.1917303062816131,0.2143333388859938,0.0328753573687779,0.6642721644433573,0.0965431842763752,0.2295899715513908,0.019460000349607095,0.1799540799291309,0.0340070428231353,0.2140465121553824,0.0207164679073066,0.0711827722570732,0.0024847951318923
2594,Deep Neutral,UIL+,True,7842.0582,0.0692998403778589,0.2611852334789329,0.014480075991315096,0.2021096909766696,0.0294491325316792,0.0717060298524987,0.0105637912196,0.0513262270059231,0.0112973097779718,0.0349886487791175,0.0102763244310448,0.1400040314236786,0.0084301147650674
2602,Deep Neutral,UIL+,True,7852.0805,0.4138149880508462,0.2078170148178349,0.0687982364028839,,,0.11004012484352,0.0851100741925312,,,0.1151297330532959,0.0660257165350952,0.0513345840177994,0.0153277904595681
2614,Deep Neutral?,UIL+,True,7866.9396,0.6484527204449839,0.0684426600005882,0.035505463257498,,,0.0420650020085343,0.04161397468898069,,,,,0.0296309800874289,0.0103441762109445
2623,Low Neb??,[P II] 7875.99+,True,7877.9625,1.1532436769313077,0.0252903716132845,0.0233327689202107,,,,,,,,,0.0423760015093587,0.0338470998930564
2636,Deep Neutral,UIL,False,7894.8667,0.0634514093882032,0.1335498587492066,0.006779141408986101,0.0627177121572152,0.0180386877733901,0.0405997727163627,0.006962886619704,,,,,0.0396160946727086,0.0046814611207331
2657,Deep Neutral?,UIL+,True,7920.4214,0.3047763575153935,0.0701355233769043,0.0171005194777989,,,,,,,0.0755604277209009,0.0111706878670944,0.0399410777854265,0.007775237170019299
2692,Deep Neutral,UIL+,True,7963.8955,0.3817837457643204,0.2566732318155332,0.0783949343039744,,,,,,,0.2081409520317247,0.0407201015908312,0.1298744384467368,0.0171169109496086
2724,"Fe, Ni",[Fe II] 7997.03+,True,8000.8545,1.116164251573554,0.0324975987574618,0.029018126396048,0.0172085603777903,0.0106545226857386,0.0093212840844619,0.0079600226937443,,,,,0.2737902560078432,0.012846395081576
2731,Deep Neutral,UIL+,True,8013.2356,0.2512025182146138,0.1639168564974418,0.0329410617039847,,,0.053281298012471,0.0379033607410851,,,0.0446974257736325,0.031090198257129092,0.0290831947402407,0.0066486437213026
2754,Deep Neutral,UIL,False,8042.796,0.1459598550601929,0.0874489314125779,0.0102112266833189,0.0275243820927581,0.0166461997450075,,,,,,,0.0242912628649423,0.0098745852034635
2760,High Neb,[Cl IV] 8045.62+,True,8050.8247,0.2472110884821445,0.2514769720486344,0.04973431679066939,0.1609547622886158,0.0449176852583976,0.0728209132226123,0.0227073970503934,0.0374182049388351,0.0106444004563026,0.2700290269007292,0.013176364285562004,0.0673870448111375,0.019625079389565595
2779,Deep Neutral?,UIL,False,8073.4513,0.0631796730729755,0.0282547966193805,0.0014281030505247,,,0.0045639088767808,0.0017553495679926,,,,,0.0130760793142353,0.0012222115271629998
2790,Deep Neutral,UIL,False,8087.5282,0.0473830004373807,0.0795293003265157,0.0030146694977247006,0.041092520811918,0.0084344989147744,0.0224002108759947,0.0011361012481730002,,,,,0.0493716511096053,0.004221219436478
2825,Neutral,Ca I] 8125.31,False,8131.746,0.2917449492268332,0.0221237238586369,0.0051635877550772,0.0404715533648168,0.0094927898163451,0.0171380719501889,0.0117754700186171,0.0141333370073647,0.0061477797836503,0.0110197588555798,0.0069047513788084,0.2068599166498337,0.0939063023575381
2844,Deep Neutral,UIL,False,8155.3283,0.0452736898182056,0.2902005887649528,0.0105107611526441,0.037537482177264,0.0230357305266715,0.0517608703861825,0.0052660487039778,,,,,0.0909247181869622,0.0112340617943518
2874,Neutral,N I 8188.012,False,8192.0088,0.3656914893617015,0.0203451541487475,0.005952039777559099,0.0849561088565249,0.0052118837633747,0.025259967880516,0.0026013305403446,0.0116984083419723,0.0029947493679864,,,0.289055575989493,0.0087501166009345
2877,Deep Neutral,UIL,False,8196.2689,0.1147074837334187,0.091142433600675,0.0083637753757389,0.0317003881745132,0.0160016767147276,0.0278037493693888,0.0146522929217162,0.0203506171175412,0.0038994694473241,0.0104270456122797,0.0048990749603408,0.0501008827602844,0.0032361407438619
2884,Neutral,N I 8200.357        ,False,8204.8378,0.2272253574618785,0.0191461756534925,0.0034803972855142,0.0531315271925914,0.0076467485444322,,,,,,,0.1318725130116134,0.0132904879348046
2889,Deep Neutral?,UIL,False,8211.4411,0.0706700379266728,0.0382148008445557,0.002160513140036,0.0107349747417609,0.0062065180693622,0.0065289014312232,0.0039129667453168,,,,,0.0353187683626551,0.006093208927838699
2892,Neutral,N I 8210.715,False,8214.6948,0.1775861522331834,0.0639585558104401,0.0090865230630139,0.1182865365796786,0.0116332428428303,0.0387119355687604,0.0090181084055621,0.0017356955796438,0.0012500605469973,0.0110411564455906,0.0023598797594773,0.2566933824015373,0.0195519846807089
2897,Neutral,N I 8216.34+,True,8221.8977,0.2518744731868194,0.075611452668394,0.0152356758461935,0.184590335743903,0.0117685131084446,0.0213172281133412,0.0084305538973867,,,,,0.4995806982959502,0.031197416696998798
2902,Neutral,N I 8223.14+,True,8228.4166,0.4597623779423034,0.0259496029550404,0.0095445209290144,0.1508950896455773,0.024754458607418,,,,,,,0.6603660933131688,0.0352337745151472
2907,Neutral,O I 8230.00+,True,8233.7619,0.3102448159313039,0.0211548634561492,0.005250549375203899,0.0380348158609638,0.0120390536396732,0.0092341692799342,0.00396416444105,,,,,0.3973204342146728,0.0232186192621981
2913,High Neb,He II 8236.78,False,,-6.929853723404245,,,0.05577840093586,0.04436864712149251,,,,,0.007435662528765,0.0026653801410982,,
2918,Neutral,N I 8242.39,False,8247.568,0.1718153815875293,0.042360610658034,0.0058225635875927,0.1260321021802941,0.0113229169393622,0.0194673143061404,0.0046199825435361,,,,,0.3380332806158994,0.019709648267836
2937,Deep Neutral,UIL,False,8271.1876,0.1116997248853751,0.2333860827345981,0.020855328986823997,0.0728938161965852,0.020521295001135,0.0538989836794179,0.0105077175528447,,,,,0.0851280199116989,0.0078938035872928
2942,Deep Neutral,UIL,False,8277.2261,0.0355726539937062,0.2241580694798609,0.0063791179564034,0.0490409041348126,0.030913234230092894,0.0625879640409814,0.0090278603476065,,,,,0.0441715740341497,0.022024455704712603
2951,Deep Neutral,UIL+,True,8288.0553,0.1750028478553719,0.1733130688524741,0.0242642244957897,0.1451511407598918,0.0661232886620521,,,,,0.0689501078693068,0.006785207751217599,,
2954,Deep Neutral,UIL,False,8291.7191,0.2236905144804001,0.1644233068974782,0.0294239472899725,0.1758036463674219,0.0306983932199996,0.1165548995496847,0.0141988276166514,0.0825772099255345,0.0787807941848694,0.0439378113282479,0.0430888364338338,0.5904412406770878,0.0352941201468778
2957,Med Neb,H I 8292.31,False,8296.8646,0.1340219342302432,0.1173537401207251,0.012582380192106304,,,0.1636840087991603,0.0104053221613785,,,0.0426753535176086,0.0194479771923155,,
2963,Deep Neutral,UIL+,True,8303.9017,0.1217899396003697,0.2949338872430648,0.0287359842507481,0.2925144780500814,0.0524769059839029,0.2560351194152082,0.0292265703070772,0.1941637664550131,0.013212870184521698,0.1551988601075849,0.0124037582479845,0.2651131396045308,0.0185099601102625
2967,Deep Neutral?,UIL+,True,8309.8816,0.2981281765385916,0.2279735452020157,0.0543722698640921,,,,,,,,,0.0707969178732236,0.0186943967593545
2969,Med Neb,H I 8306.11+,True,8310.3747,0.0984838302278043,0.1744914097827504,0.0137476659018037,0.2002231912246743,0.024515746373981004,0.2073140979364622,0.0006411901894195,0.2154028143334838,0.011953816396178998,0.1586502913763325,0.0070021572975861,0.2137266138518483,0.0827593592568817
2975,Med Neb,H I 8314.26,False,8318.8325,0.0407268500010517,0.1836899964338005,0.0059848919451625,0.1473252334028754,0.0121424956074959,0.2033548094664344,0.0073602782580135,0.1988314983825528,0.0091892940066323,0.1451655301515045,0.005598626558835,0.2891120809761239,0.0164828568471999
2982,Med Neb,H I 8323.42,False,8327.833,0.1099503162260322,0.1945437146959175,0.0171121143604825,0.1584398441278562,0.0177761043166094,0.1917043679527802,0.0149667930526482,0.1930324054078919,0.0187545055014984,0.1289547159592962,0.011686496482439798,0.2747356609407745,0.0221234735370593
2987,Deep Neutral?,UIL,False,8333.7476,0.118644242887543,0.093533986127805,0.008877815174709898,0.0951089266166285,0.0251602694042609,0.0161833478226875,0.0108758533650209,,,,,,
2991,Deep Neutral,UIL+,True,8338.7118,0.1506328116194087,0.7001470614228108,0.0843720963273479,1.071999390209967,0.32776781065791244,0.5290552712591379,0.0940574810182714,0.5074831030707048,0.12431177646787821,0.3731204758139296,0.10758926483170589,0.4788720068055057,0.038003299036191
3000,Med Neb,H I 8345.55,False,8349.9307,0.0908564789084979,0.2318385780318618,0.0168512295001024,0.1241003443031631,0.0691549340267021,0.275711292967582,0.012877439469634702,0.176456388436224,0.0013975497050603,0.1028783603962764,0.0078810243374665,0.3097289116620941,0.0241722502312363
3011,Med Neb,H I 8359.00+,True,8363.9591,0.0814519306727973,0.2592890741022067,0.0168956765503894,0.2262882998167447,0.014386390601803798,0.2739854780562634,0.0167611503888184,0.2315229740386302,0.0325429431321196,0.1813188982338108,0.0222196183357167,0.357095700734963,0.0148004036357818
3023,Med Neb,H I 8374.48,False,8379.077,0.0703559281485011,0.2599770611327003,0.0146327419466486,0.1029020680777479,0.0150309136320838,0.2984977004870118,0.017985019115391,0.2848808761842981,0.0161068952494407,0.1777647585330112,0.0079762164853628,0.3786620758800947,0.0247523332404775
3034,Deep Neutral?,UIL,False,8391.9295,0.0072867104928621,0.1064139683087893,0.0006203262235701999,0.0350380882026819,0.0167337275639344,,,,,,,0.032295809231712,0.0104461688279539
3037,Med Neb,H I 8392.40+,True,8396.8407,0.2638367999042151,0.2102872444668876,0.0443852109126552,,,0.1767418116616068,0.0711769869965898,,,,,0.3627180437476082,0.0120058059297232
3045,Deep Neutral??,UIL,False,8405.3588,0.2066959844134727,0.0215737071269415,0.0035673589056409005,,,0.0073906316597943,0.0046199825435361,,,,,0.0114331998599927,0.0089239290190881
3054,Med Neb,H I 8413.32+,True,8418.0196,0.0746481064587463,0.2869670347192188,0.0171372366062968,0.8448494980603692,0.6481594133026211,0.3058789143301005,0.0177290306367255,0.3702778126459859,0.0343218062702209,0.2564800729058687,0.022560539051438504,0.4042154398548475,0.0159006489917711
3074,Med Neb,H I 8437.96,False,8442.5698,0.0501383285208184,0.4598177166243694,0.0184435933886442,0.3252852034301675,0.0155560805456452,0.4963421562484922,0.0181361742170793,0.4761435657306207,0.019047685169355396,0.3386250353179472,0.013844923091717799,0.6639547887412981,0.0580159503703925
3081,Neutral,O I 8446.48,False,8451.4434,0.0500060061262486,0.4826273293008135,0.0193074121485692,0.7337536631386854,0.0194630040995643,0.287843197353635,0.0111732875973752,,,,,9.282187010687764,0.3442743788384018
3091,Deep Neutral,UIL+,True,8464.0784,0.1737819310802344,0.6381573790654906,0.0887201773336817,0.3605336997869227,0.23369927653483405,0.3091351244560946,0.0870458346883453,,,,,0.2813835252930192,0.0337153594294193
3098,Med Neb,H I 8467.26,False,8471.9255,0.0925032334494092,0.5086685247164094,0.03764278663216691,0.300827679748148,0.0717091549244782,0.5678967018076017,0.0265252823607774,0.5282501721074317,0.0303899611540537,0.3762167070884973,0.0185071245677584,0.5533168192919643,0.025072335076344602
3104,Deep Neutral,UIL,False,8480.053,0.1145696142101005,0.156823753682595,0.014373789566715799,0.0286731718698952,0.0044082192441368,0.0662166692577434,0.019538015885962302,0.028625863795027,0.0223320169086607,,,0.0350397935289199,0.0040877790958906
3122,Deep Neutral,UIL,False,8502.5328,0.111751929793666,0.131683082637154,0.011772670884704598,,,,,,,,,0.160999328624083,0.0226389612221945
3126,Med Neb,H I 8502.49,False,8507.2039,0.0680860016992243,0.4998589346917963,0.0272267170214385,0.3049648753644594,0.0151184414510107,0.596380888433977,0.0283488955230808,0.6892747770932427,0.0564865488898589,0.4944961653913881,0.0403171952904326,0.5832566795071121,0.0213245313704854
3138,Med Neb,He I 8518.04,False,8521.4555,0.3716143833988529,0.018896337544858,0.0056177206601832,0.047744634588989,0.0085220267337013,0.0158125142488623,0.0033156602950971,0.0268125627302393,0.003129647988166,0.0233618887738292,0.0027052280169618,0.0259059716724795,0.0027690995518061005
3142,Deep Neutral,UIL,False,8527.4014,0.0526307486718735,0.1491197905118645,0.0062786289731459,0.0214621873904332,0.0081719154579936,0.0322984023921819,0.0019406364668362,,,,,0.0604713551800699,0.0042258940980909
3147,Med Neb,He I 8528.95,False,8534.0915,0.228698325530579,0.0587585671165467,0.0107503887281043,0.0504070325184351,0.0105272094945722,0.0411440867330062,0.0019260085537695997,0.034393722875749,0.0023886049013129,0.0205415800076831,0.0036062327656553,0.0280012145549778,0.0046181407043397
3160,Med Neb,H I 8545.38+,True,8549.8966,0.0592260572852611,0.7332934934773235,0.0347440659612778,0.8819290167453963,0.06629834429990589,0.8390686071230387,0.035362979838518,0.8723921563918551,0.0417268411939448,0.642593165374377,0.0357081243155435,0.7196161337871154,0.0277300926879155
3164,Deep Neutral,UIL,False,8554.9433,0.0883901032586829,0.2882101339042756,0.0203799387967982,0.1037481362244232,0.0219933537739966,0.0382669437294163,0.0164905339970862,,,,,0.0504302494803157,0.0038174986608155996
3172,Deep Neutral,UIL,False,8565.1983,0.0583072030194369,0.1660882728005427,0.007747314113063098,0.0418299196553506,0.0101611840699687,0.036049047895225,0.0038251992669172,,,,,0.0737638177226225,0.0035684666876176
3187,Low Neb,[Cl II] 8578.69+,True,8583.4912,0.0343606176271926,0.1230275027138789,0.0033818407827040007,0.0686934237087239,0.0067475991318195,0.1405644926280316,0.0043713080214038,0.0156776795410116,0.0030702925952870003,,,0.2223196818340312,0.006082159727662699
3190,Med Neb,He I 8582.61+,True,8587.9146,0.1753425160426665,0.027732030058433,0.0038900831403332,0.039741916614473,0.013216700657962502,0.0324278973718852,0.0053562541678886,0.0531670283493744,0.0043958963695849,0.0567742255757476,0.006592609684543601,0.0120235586300808,0.0044235047935467
3202,Med Neb,H I 8598.39,False,8603.1337,0.1315736206587349,0.7326465246437699,0.07711756472833589,0.6062813304833213,0.0236563823336078,0.8402105173986041,0.1081441613014122,0.8318470916264673,0.1155613526388967,0.582960221773182,0.0740063605622207,0.804182887211252,0.03766332364615949
3213,Deep Neutral,UIL,False,8615.8171,0.0819535121882456,0.1070835965023559,0.0070207014648936,0.0191180352776263,0.007185238226453999,0.0201158184520932,0.0021819970324352005,,,,,,
3218,"Fe, Ni",[Fe II] 8616.95,False,8622.7016,0.2683311207767179,0.0425899396681985,0.0091425649959844,0.0314752874749391,0.0061746897715706,0.027782559281801,0.0027451716854995,0.0036422190765449,0.0017824604346392998,,,0.1431395468830682,0.02126673555418
3221,Deep Neutral,UIL,False,8625.2298,0.3537232632971525,0.0692126139457544,0.0195856893329746,,,,,,,,,0.0050694580346065,0.0011941635574853997
3228,Neutral?,N I 8629.24,False,8635.6039,0.2098069241877574,0.0182027571238726,0.0030552515871172,0.0775337334203412,0.0084344989147744,0.0128882821617439,0.0054098898491328,0.0123408585385362,0.0029551791060670996,0.0148566163844769,0.013041324261802,0.0713141962699744,0.0106191313076324
3244,Deep Neutral,UIL+,True,8654.8978,0.1729684400867676,0.2499276028824008,0.0345836700841552,0.0881564278082882,0.0301652692319903,0.1130161549225197,0.019167442088275,0.0275292070745047,0.0090651872760671,0.0445919868622438,0.0007903162046279,0.074608528853544,0.0101431657615884
3252,Deep Neutral,UIL,False,8664.4542,0.0893949094641519,0.5215184071396124,0.0372968726321075,0.3479280606107696,0.014529617941866002,0.2444888761340258,0.028275755957747804,0.0529345093611624,0.0199739890279218,0.0559996328173554,0.0184274288160312,0.0576665386167879,0.0161254577184294
3256,Med Neb,H I 8665.02,False,8669.8603,0.0507179455302672,1.0881121030361471,0.04414944829808949,0.9688454277019022,0.046628456264696194,1.3444563659227065,0.047060434320780005,1.2846795563856983,0.0489178369736505,0.9448426833134212,0.03494658713237261,1.0298500517293805,0.0331204024968642
3263,Deep Neutral,UIL+,True,8679.3893,0.577401103565104,0.0668242362057481,0.0308675101840753,,,,,,,,,0.0406008424966731,0.020281656861563902
3268,Neutral,N I 8680.282,False,8685.3879,0.6778638211314869,0.0092402810924831,0.0050109217997437,,,,,,,,,0.0599091883236302,0.020593159312680197
3272,Deep Neutral,UIL+,True,8690.1301,0.0930100263503875,0.1326099662435154,0.0098672451637067,0.0984931992033298,0.0644443459535451,0.0158454766073323,0.0055732348783765,,,,,0.1086672489906783,0.0400389016840043
3278,Deep Neutral??,UIL+,True,8697.3942,0.2446489117242432,0.0663021864265118,0.012976606203347202,0.0542492685973734,0.0133997133702642,0.024121383037462,0.0016432022344819,,,,,0.2172209988540507,0.17065617162637636
3280,Neutral?,UIL+,True,8700.0259,0.1242735815369991,0.0148504517557764,0.0014764150617062,0.0697191201232806,0.0120390536396732,0.0041626749839173,0.0006509421314639,0.005589131798738,0.0007356471420459,0.0080561926390792,0.0023798036974091,0.1024868540656473,0.009511661474605002
3286,Neutral,N I 8703.247,False,8707.9883,0.2133901915283743,0.0196290716992862,0.0033509210955479,0.07141901850972,0.006660071312892601,0.0107685820025325,0.0019577023654139,0.0064966499392969,0.0027357440172415997,0.0056596625578657,0.0019060567288086,0.2148015893993187,0.021969634673070105
3293,Neutral,N I 8711.703,False,8716.3141,0.3819012036552967,0.0114739083622157,0.0035055195313286,0.0370329461264943,0.007718362214463299,,,,,,,0.286871085617193,0.0160272898245578
3299,Neutral,N I 8718.837,False,8722.1547,0.5634702921623961,0.0260092657869531,0.0117243588735231,0.0209654134327522,0.0145137037929702,,,,,,,0.129119138498837,0.0079456498342726
3306,Deep Neutral,[C I] 8727.13,False,8731.9493,0.1067823951944436,0.2651490828741346,0.022650603322328097,,,0.0417397636396414,0.0079795265778331,0.006317922657313,0.0022537062811333,,,0.2953512668160185,0.0174165142620738
3311,Med Neb,He I 8733.43,False,8738.6446,0.2254265571400873,0.0592041738923949,0.0106769544711085,0.0264572725392687,0.0054108106245722,0.0507620320436975,0.004551718949225299,0.0411870948074657,0.0025414900041831,0.0444385149345014,0.0037058524553143,0.0257398056839415,0.0020050048627105
3315,Deep Neutral,UIL,False,8743.4421,0.0848881213151883,0.089125084096626,0.0060525287608166,0.0210585585498174,0.010574951941259599,0.0104370159730228,0.0015334928864824,,,,,0.0343881942225155,0.0028464439530383
3324,Med Neb,H I 8750.47,False,8755.1935,0.0610627229438601,1.3129346856809128,0.0641370935640941,1.0657944227751204,0.0530816436419434,1.3875033907083207,0.05400137907088421,1.3929487627880968,0.0530727144751813,1.062148551270819,0.051543227429559815,1.5710708427094635,0.0657627146014967
3346,Med Neb,He I 8776.71+,True,8781.8529,0.0672020470120706,0.0283249294505657,0.0015227945924404002,,,0.020401062756892,0.0003827637252428,0.0308035602891023,0.003289727684112399,0.0092031034636599,0.0020743033157882,0.0219775954029162,0.0062071006834992
3355,Deep Neutral,UIL,False,8794.2041,0.0579576433398101,0.2665354332078136,0.0123582124602242,,,0.0339371024989729,0.0096032249282263,,,,,0.084115101441029,0.0046882606285337
3372,Deep Neutral,UIL,False,8814.9167,0.0737754970500765,0.1095894354426903,0.006468012056977401,0.1109746448900627,0.08209313707898819,0.0129383891074123,0.0031766951209644,,,,,0.0420538762883355,0.003140947634653
3397,Deep  Neutral,UIL,False,8845.4299,0.8740311277408804,0.0143880648084528,0.0100604932084327,,,,,,,,,,
3405,Deep Neutral,UIL,False,8855.7089,0.0856772630531409,0.3169308275838872,0.021723012707643503,0.0786843376408033,0.0262822169014149,0.0685051987172274,0.0055220371826434,,,,,0.1224594343095711,0.013425203183104499
3412,Deep Neutral??,UIL,False,,1.266675869685257,,,,,0.1478857631178675,0.1430780556899765,,,,,0.4890027523132669,0.3455777594899348
3414,Med Neb,H I 8862.79,False,8867.56,0.0515978874315499,1.9944501633754783,0.08232753201414739,1.8857072880356711,0.0797776284146491,2.081254595145566,0.0678198809478039,1.8227609477559763,0.0704854283679603,1.4786882601715632,0.0558401567101841,2.1837232093679533,0.1160081024634829
3435,Deep Neutral?,UIL,False,8893.5583,0.1579820880566162,0.1234236612055671,0.0155989821702783,,,,,,,,,0.0299820046776363,0.0043232120534874
3439,Deep Neutral,UIL,False,8898.7561,0.2462031446411275,0.2813324359924792,0.05541194434471769,,,,,0.1196032559738032,0.0498243557012572,,,0.150763177113951,0.0168946520383755
3481,Deep Neutral,UIL,False,8951.0563,0.2292873895956041,0.2118533938045966,0.0388602493139404,0.159301436460709,0.0617707689390506,0.1004786864330629,0.0292314462780994,0.0285252212478905,0.024359093507892303,,,0.0946937916842896,0.0269324254290542
3494,"Fe, Ni?",UIL,False,,10.75310852354728,,,,,,,,,,,,
3536,Med Neb,H I 9014.91,False,9019.8849,0.0591515395199544,2.263499703885908,0.10711159375025005,1.5208435963016471,0.0245396175973247,2.737919419229614,0.15306648232895678,2.6939354987468094,0.1608351282194297,2.032084188389946,0.1133627792901645,2.648986344193273,0.1348520883944513
3539,Deep Neutral,UIL,False,9024.5041,0.3529060714031919,0.3216889384289269,0.0908207835798527,,,,,,,,,0.0405084926914852,0.0036934076434542
3548,Deep Neutral,UIL,False,9034.3826,0.0877547565086857,0.3990548512482545,0.0280151690439203,,,0.0588307465063019,0.0230170212103032,,,,,0.1909451343422213,0.0270089198918113
3552,Deep Neutral??,UIL,False,9039.867,0.2009376735443624,0.0452374347898966,0.0072719239230373,,,,,0.0137218876446659,0.0053905488623756,,,0.0496199404150811,0.026823208335006603
3561,Deep Neutral??,UIL+,True,,-18.97195757022365,,,,,,,0.0773837074500229,0.0596575657882134,,,,
3564,Deep Neutral,UIL,False,9055.0937,0.1260189144859897,0.1360200699800271,0.013712881253753102,,,0.0177070887671256,0.0037447457450509,,,,,0.049354973027953,0.041851820451347
3570,Deep Neutral,UIL,False,9062.3479,0.0411428729480423,0.2794714573217683,0.009198606928955,,,0.024182598846049,0.0075528791133904,,,,,,
3574,Med Neb,He I 9063.29,False,9066.8814,0.4231252631497771,0.4586170021321258,0.1552419517696941,0.7005599496333302,0.28811770868402475,0.6916279776870261,0.2845909246818264,0.4687062237455262,0.1966749936287381,0.4214640509254083,0.1657383845710972,0.1337036050474679,0.0922561468081729
3579,Med Neb,[S III] 9068.90,False,9073.8815,0.0441283697463962,14.176699750860754,0.5004757187117018,9.648995144831884,0.29332163537295164,19.088812179571,0.6022458088652028,18.69463770609121,0.7481225664401336,6.248333796412844,0.30294126248209813,17.303179216114493,0.7026981084406752
3591,Deep Neutral?,UIL,False,9089.2923,0.2196736245445132,0.085914215724261,0.0150984697344381,,,0.0398938715653251,0.0342463824744338,0.0133195205486226,0.0115725029631381,,,0.0761673046379123,0.0722621941204231
3603,Deep Neutral,UIL,False,9104.0346,0.1045153418476096,0.2891130322045797,0.024173397914768503,0.2680095501688526,0.0191765494194399,0.1434239306110333,0.0154982738940682,0.0519701430862469,0.005696319068116,0.0701389028325707,0.0059860364630644,0.2707052171106843,0.19900459455491162
3615,Deep Neutral,UIL,False,9118.8035,0.0602446455173282,0.0956301972386102,0.0046089658667138,,,,,,,,,,
3622,Low Neb?,[Cl II] 9123.60,False,9126.7917,0.2257760180607034,0.0608243926715248,0.01098615134267,0.0725755703799459,0.03171689874933091,0.0481226889119264,0.0136478428911426,0.0210360275678676,0.01626157900058,,,0.1549863244983163,0.0211783419527718
3640,Deep Neutral,UIL,False,9150.4702,0.1622283755513651,0.1736188408660268,0.0225327220150452,,,0.0426462284975646,0.0166758208959299,,,,,0.0867655918527942,0.04294484133029809
3649,Deep Neutral?,UIL,False,9160.5082,0.2390973263915589,0.0915432932525886,0.0175102053326179,0.0314287149164065,0.0099383859854275,0.0261721126251271,0.005500095313043501,,,,,,
3654,Deep Neutral?,UIL,False,9168.1262,0.3096009475193096,0.0334484751410709,0.0082845436774013,,,,,,,,,,
3687,Neutral,Ca I] 9204.09,False,9209.483,0.2359659335809388,0.0349493682563753,0.0065974882469437,0.0214932357627882,0.0079252461501087,0.0228405599654874,0.012294760932481599,0.0211279940333545,0.015119437349726301,0.0075888065811334,0.0039183744599201,0.3288249356962121,0.019181836474812104
3692,Med Neb,He I 9210.28,False,9215.463,0.1355344295991763,0.0639303181562374,0.0069318073643196,0.0572376744365477,0.0081480442346499,0.0759311471896681,0.012811613860835,0.0646159856943213,0.0115185435150662,0.0544953822395937,0.025535847115920305,,
3699,"Fe, Ni?",Fe I] 9218.47,False,9222.2947,0.5100041205346293,0.0421163659398913,0.0171836161370311,0.0351543549108238,0.009683759603094701,0.033671017893814,0.0022941443659459,,,,,0.3350432997537591,0.036612374721724794
3707,Med Neb,H I 9229.01,False,9234.1019,0.0541886477877689,3.136035060266545,0.13594999946470288,2.5951859653905345,0.10983149860436892,2.9720651781666096,0.1220504306567316,2.734891809782393,0.1273514920425912,2.258372261790527,0.1301343074869753,3.452899438091133,0.1629404301496125
3711,Deep Neutral,UIL+,True,,-0.3904711560189818,,,0.3330403660665197,0.1296207427562971,,,,,,,,
3720,Neutral,Ca I] 9244.31,False,9248.8169,0.4612880330242724,0.0262460526511067,0.0096855920016644,0.0636258770486007,0.0179750311778069,,,,,,,0.2049349224582944,0.030602034795206196
3736,Deep Neutral??,UIL,False,9269.6641,0.2100796522847443,0.0403712281064441,0.0067849388503279,0.0306369814213525,0.0175771774554119,0.0094507790641652,0.0019674543074584,,,0.0110218986145809,0.005036328754982099,0.0252098709096853,0.0111503428545566
3762,Deep Neutral?,UIL,False,9302.6743,0.0381802642163232,0.2498465320652809,0.0076313652862276,,,,,0.1206808253146962,0.058182674207583406,,,0.1965319043352273,0.0163205185984599
