Index,Type,ID,blend,wave0,wave,e_wave,d_wave,vel,d_vel,flux,s_n
7,"Fe, Ni",[Fe III] 4607.12+,True,4607.12,4608.3596,0.32926524491835846,0.7349,80.66269837485558,47.821085056217335,0.047758360836298,3.7963314358001505
35,High Perm,O II 4641.81+,True,4641.81,4643.4405,0.2648228920212614,1.5151,105.30624966743372,97.85311184986027,0.2167874978760972,4.720135749818952
42,High Perm,O II 4649.13+,True,4649.13,4651.9806,0.27162774873139167,1.2033,183.8168390160584,77.5930689637416,0.2142492934360713,4.601886242616931
49,"Fe, Ni",[Fe III] 4658.10,False,4658.1,4663.9481,0.7152740967439,2.0458,376.380127869641,131.66643278942055,0.1338417711295622,1.7475818091138784
71,High Neb,He II  4685.68,False,4685.68,4686.8494,0.8301094400473321,0.8762,74.81887375687853,56.05977183665977,0.076720528089346,1.5058255450374425
83,"Fe, Ni",[Fe III] 4701.62,False,4701.62,,-0.6256420206495551,,,,-0.0835589321005473,-1.997947642171194
91,High Neb,[Ar IV] 4711.37+,True,4711.37,4714.0325,0.14887789212840344,1.117,169.4193874446518,71.07660310822541,1.0649979822439015,8.396142517398799
110,"Fe, Ni",[Fe III] 4734.00,False,4734.0,,-0.5677353455616215,,,,-0.0802910909101776,-2.2017301014849813
114,High Neb,[Ar IV] 4740.17,False,4740.17,4742.7163,0.07670790060499036,0.9818,161.0409617809893,62.094025164582696,0.7795470089045955,16.29558350758304
126,"Fe, Ni",[Fe III] 4754.81,False,4754.81,4759.3469,1.012708047606437,0.2143,286.0531551628656,13.511691055878151,0.0583398916551522,1.2343142754265743
138,"Fe, Ni",[Fe III] 4769.53,False,4769.53,,-2.552992518703253,,,,-0.0095723605608241,-0.4896214896214875
174,"Fe, Ni",[Fe II] 4814.534,False,4814.534,,29.189091125405845,,,,0.0013350800112674,0.042824217945998826
211,Med Neb,H I 4861.32,False,4861.32,4863.8314,0.03945515364991402,0.9248,154.8753793252237,57.03143696740803,100.0,31.68153927599073
227,"Fe, Ni",[Fe III] 4881.073,False,4881.073,4883.4738,0.43760021378941577,0.6323,147.45563796448664,38.835471461582316,0.0595507451680864,2.8564885496183314
260,Med Neb,He I 4921.93,False,4921.93,4924.4596,0.05827272206631915,0.7421,154.0767548008106,45.200964475683314,0.833630861608731,21.45085995085998
268,"Fe, Ni",[Fe III] 4930.64,False,4930.64,4929.2681,1.0671026394443002,3.0357,-83.41417607658006,184.57643728818164,0.2996012690401232,1.1713962216895506
289,Med Neb,[O III] 4958.91,False,4958.91,4961.3919,0.04094137162721883,0.9255,150.04404224116402,55.95139251952546,182.26415287659677,30.531463659340844
311,"Fe, Ni",[Fe III] 4987.20+,True,4987.2,4991.3128,0.7758614997060165,2.1209,247.2301935479555,127.49234523824991,0.1490166631180964,1.6111122932039295
328,Med Neb,[O III] 5006.84,False,5006.84,5009.368,0.014542289785574172,0.6131,151.36799534717989,36.71033146651381,438.3957248866972,85.95620211336934
335,Med Neb,He I 5015.68,False,5015.68,5018.1968,0.10701384437056052,0.7184,150.43177760427824,42.93952202437157,1.750887575939467,11.680731660023183
356,Med Perm,Si II 5041.03,False,5041.03,5045.5525,0.19995751160290157,1.2546,268.9552316302444,74.61166027712589,0.2380168224738675,6.251328044541745
360,Med Neb,He I 5047.74,False,5047.74,5049.8732,0.1344518738649491,0.9338,126.69378205011837,55.45971014362863,0.1927839997237303,9.297006907137412
367,Med Perm,Si II 5055.98,False,5055.98,,2.5134671857621402,,,,0.0161296294384521,0.4973209943144619
428,Stellar,O I 5131.14,False,5131.14,5134.8689,0.59900022983222,0.8788,217.8650546732734,51.34484970014461,0.0346212309228145,2.0868105515587616
441,Neutral,O I 5146.61,False,5146.61,5150.4006,0.27858370989814235,1.4286,220.804236438137,83.21662327217334,0.1163925858660202,4.486981670453859
449,"Fe, Ni",[Fe II] 5158.81,False,5158.81,5160.6221,1.1267946982340011,0.1149,105.30605181070001,6.67715101432307,0.0256692418445434,1.1093413928545242
475,Med Neb,[Ar  III] 5191.82,False,5191.82,,1.4959564745900884,,,,0.0451986680558743,0.8355858082986781
482,Neutral,[N I]  5199.00+,True,5199.0,5202.0317,0.1680319109002972,1.2203,174.81838717416116,70.36675062462011,0.7318644710603165,7.4390631714097175
498,Med Perm,Si II 5219.31 ,False,,5223.4412,0.3836593526225791,1.1529,,,0.1582457918006371,3.2580986008952437
531,"Fe, Ni",[Fe II] 5261.61,False,5261.61,,-1.4221534279673804,,,,-0.0526917469939963,-0.8789487655959656
539,"Fe, Ni",[Fe III] 5270.40+,True,5270.4,5273.1638,1.0579747098083294,1.1443,157.211292391581,65.09041243347754,0.0369941356610505,1.1815027225239243
576,Stellar,None,False,,,330.2941176470745,,,,0.0001352702656143,0.0037845057880674963
589,"Fe, Ni",[Fe II] 5333.646,False,5333.646,5336.0397,0.3197382044834667,1.4536,134.54458858251195,81.70364455173817,0.1382118295385365,3.909448362667077
623,"Fe, Ni",[Fe II] 5376.452,False,5376.452,5379.4774,0.4318720484445901,1.4708,168.6971449634556,82.01221683489409,0.0832562104700855,2.8943757867681894
652,High Neb,He II 5411.52+,True,5411.52,,-5.658713692946172,,,,-0.0038353098838879,-0.22089825847845568
669,Stellar,O II 5433.49,False,5433.49,,-0.4239291520198932,,,,-0.0300082518811626,-2.9486059027649576
737,Med Neb,[Cl III] 5517.71,False,5517.71,5520.5987,0.06705292876644303,0.512,156.95106727690566,27.818377278979867,0.256472423604725,18.641989589358083
753,Med Neb,[Cl III]] 5537.88,False,5537.88,5540.8993,0.08126920482650046,0.8135,163.44943704800014,44.03872322675825,0.2123424887166695,15.3809798270894
785,Low Neb,[O I] 5577.34,False,5577.34,,-0.9136525380842134,,,,-1.9968835322217355,-1.368134983372404
914,High Perm,Si III 5739.73,False,5739.73,5743.1296,0.42196187450357403,0.1948,177.5648750406367,10.174619854662152,0.0200359134598131,2.9623529411764724
920,Stellar?,None,False,,5750.1377,0.10333867825852519,1.4141,,,0.0317624849192233,12.096148519268274
926,Low Neb,[N II] 5755.08,False,5755.08,5758.7558,0.9086009209970488,0.0456,191.4790267235893,2.375385934652516,0.0259331530095614,1.375741506654339
965,Stellar,None,False,,,1.3227960884722862,,,,0.0473332436552845,0.9449680195559397
1018,"Fe, Ni",Ni II 5867.99,False,5867.99,5871.9221,0.522805434006316,1.81,200.88887746942265,92.47192803327886,0.7805172705406911,2.390946839288015
1023,Med Neb,He I 5875.62,False,5875.62,5878.747,0.03725717271283641,0.8926,159.54929286885846,45.54323594970403,11.60494748609362,33.55058661145618
1089,Med Perm,Si II 5957.56,False,5957.56,5962.1504,0.33865417060777614,1.1783,230.9951220303637,59.29364593246227,0.0986251547858387,3.691081074704171
1106,Med Perm,Si II 5978.93,False,5978.93,5982.1544,0.16775539221941482,0.9053,161.67621992149395,45.39309077500489,0.1059525706616322,7.451325310396395
1146,Deep Neutral?,UIL,False,,6032.9329,0.3917861095618228,0.2247,,,0.0245747867190276,3.190516379965618
1153,Deep Neutral?,UIL,False,,,-30.735294117648294,,,,-0.0004058107968429,-0.04066985645932851
1160,Neutral,O I 6046.23,False,6046.23,6049.5363,0.09016489809352635,1.1022,163.9374955774851,54.65079019613875,0.0432426205975057,13.86348819141789
1190,Neutral?,UIL,False,,,-3.7143874643874657,,,,-0.002792933131213,-0.3365292425695109
1204,High Neb,[K IV] 6101.79,False,6101.79,6104.8849,0.8936260096558951,0.0072,152.05827769625236,0.3537495878422561,0.0142356787247936,1.3987954541311218
1300,Deep Neutral,UIL,False,,,-0.1042374907709927,,,,-0.0647901910119153,-11.99184660676666
1312,Deep Neutral?,UIL,False,,,-2.8497717329275303,,,,-0.0418303403726122,-0.43863162286190993
1322,"Fe, Ni",Fe II 6248.91,False,6248.91,6251.9706,0.24383534219590164,1.3408,146.8327751487441,64.32509472634428,0.0963896719762746,5.126410260066926
1332,Deep Neutral?,UIL,False,,6265.4123,0.13159618640484222,0.8841,,,0.0612972491219714,9.498755504620041
1339,Deep Neutral,UIL+,True,,6275.0512,0.6406998052028606,1.0297,,,0.0828215332571147,1.9509916966561596
1363,Low Neb,[O I] 6300.30,False,6300.3,6304.3383,0.8546616901113985,0.0726,192.15781520585506,3.454586678539117,0.947790376603561,1.4625670185790969
1372,Med Neb,[S III] 6312.06,False,6312.06,6315.3392,0.07094939405650177,0.6856,155.7462109475486,32.56269889779248,0.8030040820587624,17.618191340782147
1377,"Fe, Ni",Fe II 6317.99,False,6317.99,6321.0659,0.24040498208750924,1.1762,145.95332084446886,55.81140348427269,0.2180371948633883,5.199559464807558
1401,Med Perm,Si II 6347.11,False,6347.11,6350.7462,0.18979030421626739,0.9973,171.74829737937034,47.1053784105522,0.078924962526555,6.58621632523238
1414,Low Neb,[O I] 6363.78 ,False,,6368.0749,0.41022298620906616,0.2426,,,0.424865927306601,3.047123252530149
1420,Med Perm,Si II 6371.36 ,False,,6374.7904,0.17268797912249179,0.5255,,,0.0487848234400772,7.238488783943349
1430,"Fe, Ni",Fe II 6383.73+,True,6383.73,,1.380696114062062,,,,0.0284624553001396,0.9053404201467992
1470,Deep Neutral?,UIL,False,,6436.4947,0.5027276281425939,0.9621,,,0.0402619768514202,2.486435855173349
1484,Deep Neutral?,UIL,False,,,1.2828297438994798,,,,0.0208645062225983,0.974408339021135
1488,"Fe, Ni",Fe II 6455.8427,False,6455.8427,,-0.5411639460610344,,,,-0.0112115178970916,-2.309836065573778
1490,Deep Neutral?,UIL,False,,,-0.46453232893910634,,,,-0.0126756195955053,-2.6908783783783914
1498,Deep Neutral?,UIL,False,,6471.5075,0.24717389059705536,1.3076,,,0.1395934821083366,5.057168445180801
1512,Deep Neutral?,UIL,False,,6493.2296,0.9425657185692952,2.0522,,,0.0422413105890551,1.3261674760433195
1517,"Fe, Ni",Fe II 6493.04+,True,6493.04,,-0.17210762871704324,,,,-0.1982823381672295,-7.262897114543864
1524,Deep Neutral?,UIL,False,,6505.5514,0.18219126974256858,0.0225,,,0.0639828356355669,6.860921501706513
1536,"Fe, Ni",Fe II 6517.03,False,6517.03,,-0.07795393256145779,,,,-0.0195216641182421,-16.035111493759697
1547,Neutral?,UIL+,True,,6532.9585,0.1287823248000915,0.4791,,,0.12851697527067,9.706300937961572
1561,Low Neb,[N II] 6548.05,False,6548.05,6552.6068,1.0800958781066048,0.6517,208.62612115274248,29.837088122204314,0.7433678930178652,1.1573046664998252
1573,Med Neb,H I 6562.79,False,6562.79,6566.1892,0.036180042846900684,0.9076,155.27763698572574,41.45975033191676,323.42043916207865,34.54943393211265
1590,Low Neb,[N II] 6583.45,False,6583.45,6587.8298,0.09898646063567898,0.898,199.44421352764647,40.89248453075515,5.011331491595632,12.627989645984435
1616,Deep Neutral?,UIL,False,,6620.6485,0.47262174199135765,1.1915,,,0.0158890045527004,2.6448211940762927
1626,Deep Neutral?,UIL+,True,,6632.4398,1.145931882686852,0.7676,,,0.0504637661485841,1.0908152734778098
1632,Deep Neutral?,UIL,False,,6640.6615,0.19834497424641068,1.0004,,,0.039315001494591,6.302151111966581
1640,Deep Neutral?,UIL,False,,6649.4675,0.30257694186614315,0.6349,,,0.0325762627897041,4.1311806256307095
1648,Deep Neutral?,UIL,False,,6661.4134,0.9418012158024875,0.7784,,,0.0217028122761848,1.3272439863383518
1657,"Fe, Ni",[Ni II]  6666.80,False,6666.8,,-1.1467633928571441,,,,-0.0356476935265936,-1.0900243309002422
1665,Med Neb,He I 6678.15,False,6678.15,6681.6115,0.03747409467713785,0.7419,155.3920761538903,33.305035764425774,2.9180183415340264,33.35637620520286
1682,Deep Neutral?,UIL,False,,6703.2767,0.0549605411499411,0.5227,,,0.0282317001411505,22.74358974359079
1696,Low Neb,[S II] 6716.44,False,6716.44,6720.5701,0.21239603059034345,0.3403,184.3495707228671,15.189501202631156,6.908061034579891,5.885232395943048
1708,Low Neb,[S II] 6730.816,False,6730.816,6735.2932,0.08900340317438413,0.951,199.41576072762646,42.3578103394893,8.223634905915281,14.044406791399632
1744,Deep Neutral,UIL,False,,6781.0182,0.4096159428768851,0.9224,,,0.0276330513960007,3.0516390334340633
1756,None,None,False,,,1.5036660342868653,,,,0.0059069528405496,0.8313016131888821
1759,High Neb,[K IV] 6795.1,False,6795.1,6798.1879,0.3539473684210528,0.4816,136.23480611882985,21.2476707881856,0.0151184414510107,3.531598513011151
1794,None,None,False,,6841.7167,0.6421164278877303,0.3738,,,0.0386164131166022,1.9466874630694764
1801,Deep Neutral?,UIL,False,,6852.2564,0.5100754583681021,1.5531,,,0.0256226692860108,2.4506178046659177
1913,Deep Neutral?,UIL,False,,6991.798,0.5461642719856059,0.1011,,,0.026934463018012,2.2886887043262023
1925,Neutral,O I 7001.92,False,7001.92,7006.8026,0.18763479511142858,0.5296,209.0521821772847,22.675221333120056,0.0553414527851471,6.661877394636088
1931,Deep Neutral?,UIL,False,,7012.7176,0.48603323051464364,1.5943,,,0.0460447362025496,2.5718406099031923
1936,Deep Neutral?,UIL,False,,,3.772675736961468,,,,0.0070181396630481,0.33132982719759435
1944,Deep Neutral?,UIL,False,,7030.2157,0.3023820062916141,0.9009,,,0.0534187246368757,4.13384385972528
1954,Deep Neutral?,UIL,False,,7042.1663,0.23991996370760607,1.4206,,,0.0508261855452284,5.210070811461914
1958,Deep Neutral?,UIL,False,,7048.0661,0.5530546965174639,0.1845,,,0.0318323437570222,2.2601742790923547
1969,Deep Neutral?,UIL,False,,,1.3299734728520873,,,,0.0376771998528617,0.9398683699453143
1975,Med Neb,He I 7065.28,False,7065.28,7068.8877,0.036668374707906744,0.8435,153.0811589528997,35.79121256666403,2.189540218754299,34.08932111000994
1987,Neutral?,UIL,False,,7082.7751,0.3885767790262087,0.0858,,,0.0127472332655364,3.2168674698795887
1997,Deep Neutral,UIL,False,,7096.8715,0.3482033807312974,1.0542,,,0.0356202451843392,3.589856012812821
2008,Deep Neutral,UIL,False,,7110.5784,0.06481188744862189,0.8788,,,0.0251682264787088,19.286585365854503
2012,Deep Neutral,UIL,False,,,2.3581847649919023,,,,0.0049095149343545,0.5300687285223354
2032,Med Neb,[Ar III] 7135.78,False,7135.78,7139.349,0.0446091003595264,0.3469,149.94286295291116,14.574160593544084,6.177068936830616,28.02118827606123
2039,Deep Neutral,UIL,False,,,-4.201356407857809,,,,-0.0255183377544165,-0.29752296131366557
2047,"Fe, Ni",[Fe II] 7155.14,False,7155.14,,-0.20623966622370518,,,,-0.0183263017825724,-6.060909731322699
2052,Med Neb,He I 7160.13,False,7160.13,7161.4024,0.7313188895903463,2.687,53.274999694020956,112.50386999202527,0.0499956415847306,1.7092406852777955
2060,High Neb,[Ar IV] 7170.5,False,7170.5,7174.2219,0.3182314976613761,0.4062,155.60944835507496,16.98287378001534,0.0528210434690408,3.9279581348358565
2066,Deep Neutral,UIL,False,,7182.047,0.9345801183944275,0.0439,,,0.0146548317515869,1.3374990280634813
2071,Deep Neutral??,UIL,False,,7188.7813,0.08694718763417768,0.8427,,,0.0926601319457999,14.376543209876557
2079,Deep Neutral?,UIL,False,,,3.4816454489626967,,,,0.0087789272833923,0.35902564414547683
2082,Deep Neutral??,UIL,False,,7202.9432,0.0897160068846802,0.4464,,,0.0462306025423011,13.932853717026592
2101,Deep Neutral?,UIL,False,,,1.3491204036124138,,,,0.0976704173359207,0.9265296089607655
2114,Deep Neutral,UIL+,True,,,-0.29922851860417327,,,,-0.2790161981687203,-4.177409311889587
2127,Neutral,O I 7254.15+,True,7254.15,7258.9677,0.14704046833385864,0.8431,199.10122135698242,34.84281705503746,0.0907776786730981,8.501061062739867
2134,High Neb,[Ar IV] 7262.7+,True,7262.7,7270.0337,0.7811686899397652,1.9393,302.72322266300966,80.05115367554765,0.1279503424751902,1.600166540336359
2148,Med Neb,He I 7281.35,False,7281.35,7284.9194,0.058974129404140534,0.8044,146.96164853839213,33.119277773379935,0.9331738629519648,21.19573468281226
2154,"Fe, Ni?",UIL,False,,7291.1861,0.9702843172580884,0.6471,,,0.0573541058328791,1.2882821846820691
2168,Deep Neutral??,UIL,False,,7309.7042,0.4338703973858201,1.6492,,,0.2711531978698022,2.8810446795438662
2179,Low Neb,[O II] 7319.99+,True,7319.99,7324.5103,0.6586726941449846,0.2536,185.13028677599831,10.386266558943385,0.4576685326997188,1.897755912931248
2187,Low Neb,[O II] 7330.73+,True,7330.73,,-1.269668779113855,,,,-0.2938070169142736,-0.9845087321690444
2225,"Fe, Ni",[Ni II] 7377.83,False,7377.83,,-0.23331795817958065,,,,-0.025876406104572,-5.3574958813838816
2252,"Fe, Ni",[Ni II] 7411.61 ,False,,,-0.6273687060097455,,,,-0.0146967165052719,-1.992448759439051
2263,"Fe, Ni?",UIL,False,,7429.4899,0.215852243418292,0.2758,,,0.052945236958461,5.79099841727228
2277,Neutral,N I 7442.30,False,7442.3,7446.788,0.057585480317976,0.8427,180.78665889628374,33.945837221907205,0.0830798143105278,21.70686070686116
2285,"Fe, Ni?",[Fe II] 7452.54?,False,,7457.5456,1.1260395374006194,0.8341,,,0.0077465689025867,1.1100853553379968
2294,Deep Neutral,UIL,False,,7466.8449,0.25924378005865956,0.209,,,0.0530228578893487,4.821716454362609
2298,Neutral,N I 7468.31+,True,7468.31,7472.5358,0.575516089675551,0.9271,169.63181349142926,37.215593328584376,0.1728074784351589,2.1719636034931558
2314,Deep Neutral,UIL,False,,7493.1682,0.6284704327571803,0.1027,,,0.0333459519093312,1.9889559394482408
2323,Med Neb,He I 7499.85,False,7499.85,7503.4907,0.1044755374351352,0.762,145.53016418202728,30.459522923258465,0.0429363737208704,11.964523281596675
2334,"Fe, Ni",Fe II 7513.1762,False,7513.1762,7517.6931,0.22269743367961725,1.14,180.23436659722682,45.488538139169414,0.1537748261815089,5.612996878079463
2345,Deep Neutral?,UIL+,True,,7530.6725,0.16002331649364285,0.6339,,,0.1433307820300295,7.811361665221193
2348,High Neb,[Cl IV] 7530.8,False,7530.8,7534.3404,0.010586319218240547,0.3736,140.93923863376517,14.872584892547936,0.0854987649426895,118.0769230769286
2426,Deep Neutral,UIL,False,,7633.1343,0.3400782455335668,0.277,,,0.292793913401277,3.675624702305814
2434,Deep Neutral,UIL,False,,7641.9518,0.3819272942803516,0.3839,,,0.2416483939082866,3.2728742321370845
2454,Deep Neutral,UIL,False,,7667.6336,0.17662091121495324,0.8803,,,0.1362251145480544,7.0773046713518
2489,Deep Neutral,UIL+,True,,7710.752,0.9633851773300343,0.2064,,,0.2025950725179915,1.2975080262956733
2501,Deep Neutral?,UIL+,True,,,-2.3141969627243455,,,,-0.0172907227752875,-0.5401441710166539
2503,Deep Neutral?,UIL,False,,,-1.4568345323741088,,,,-0.007742233437807,-0.85802469135802
2516,Deep Neutral?,UIL,False,,7743.9071,0.48296286645991005,1.838,,,0.4523359747477377,2.5881907012073784
2524,Med Neb,[Ar III] 7751.10,False,7751.1,7754.9556,0.20474703505925063,0.792,149.124614708204,30.6325072229748,1.6525013501166068,6.105094511567747
2538,Deep Neutral,UIL,False,,7773.4831,0.694027899967937,0.4988,,,0.0847698186223945,1.8010803312917938
2549,Deep Neutral,UIL,False,,7787.4722,0.46853999872246765,1.3195,,,0.1154611346953685,2.667861876058138
2556,Deep Neutral,UIL+,True,,,-2.124135944700462,,,,-0.0621606655869977,-0.588474576271186
2565,Deep Neutral,UIL+,True,,,-0.8974000559127752,,,,-0.0569249106002793,-1.3929127725856711
2577,Med Neb,He I 7816.13+,True,7816.13,7821.6596,0.181670987894841,0.3618,212.09119804260595,13.877060809428706,0.6642721644433573,6.880570279738633
2594,Deep Neutral,UIL+,True,,7841.6804,0.18213582677165294,0.2654,,,0.2021096909766696,6.86300999729805
2602,Deep Neutral,UIL+,True,,,1.591023726898556,,,,0.1971922189678671,0.78565767365184
2614,Deep Neutral?,UIL+,True,,,4.123633994445626,,,,0.041752298724463,0.3031306856243064
2623,Low Neb??,[P II] 7875.99+,True,7875.99,,4.172392238999204,,,,0.0282152083776581,0.2995883244907547
2636,Deep Neutral,UIL,False,,7895.778,0.35952140059279264,1.2096,,,0.0627177121572152,3.476844488085973
2657,Deep Neutral?,UIL+,True,,,-10.292138810198423,,,,-0.0056176945602176,-0.12145191811456935
2692,Deep Neutral,UIL+,True,,,2.432942323386507,,,,0.0915306017027082,0.5137811891323738
2724,"Fe, Ni",[Fe II] 7997.03+,True,7997.03,8004.5323,0.7739260614944824,0.2783,281.2460322961689,10.432903348042961,0.0172085603777903,1.6151413709808398
2731,Deep Neutral,UIL+,True,,,1.4974156012879427,,,,0.0988114450199691,0.8347715884119693
2754,Deep Neutral,UIL,False,,8039.9959,0.7559751790662023,1.9006,,,0.0275243820927581,1.6534934408085042
2760,High Neb,[Cl IV] 8045.62+,True,8045.62,8050.7572,0.34883780867767616,1.2355,191.42015347948774,46.03667360116436,0.1609547622886158,3.5833271764271166
2779,Deep Neutral?,UIL,False,,,-0.6033171028606217,,,,-0.0130734733179003,-2.0718789407313967
2790,Deep Neutral,UIL,False,,8087.6016,0.2565703791141038,1.1856,,,0.041092520811918,4.871957567027218
2825,Neutral,Ca I] 8125.31,False,8125.31,8131.7099,0.29319327487802466,0.204,236.13151399196218,7.526809614894692,0.0404715533648168,4.263399290178227
2844,Deep Neutral,UIL,False,,8155.6751,0.7670909578421313,0.019,,,0.037537482177264,1.6295329611449445
2874,Neutral,N I 8188.012,False,8188.012,8192.3668,0.076684946990931,1.026,159.44483179780642,37.56553628744071,0.0849561088565249,16.30046116023043
2877,Deep Neutral,UIL,False,,8195.0538,0.6309732165832275,0.7638,,,0.0317003881745132,1.981066655679704
2884,Neutral,N I 8200.357        ,False,,8204.9125,0.17990139161430066,1.0875,,,0.0531315271925914,6.948250865562707
2889,Deep Neutral?,UIL,False,,8211.8103,0.7226982618340237,0.3092,,,0.0107349747417609,1.729629177227878
2892,Neutral,N I 8210.715,False,8210.715,8214.8894,0.12293498460615244,1.1369,152.41713257312708,41.51088492295738,0.1182865365796786,10.167976219337666
2897,Neutral,N I 8216.34+,True,8216.34,8221.0704,0.07969345375678283,1.0913,172.59975163190808,39.81864302297616,0.184590335743903,15.6851026160177
2902,Neutral,N I 8223.14+,True,8223.14,8228.1313,0.20506348703560637,1.0604,181.96869998751146,38.65918888200858,0.1508950896455773,6.095673189166803
2907,Neutral,O I 8230.00+,True,8230.0,8233.9222,0.3956589958158973,0.7091,142.87314444324,25.830234746998784,0.0380348158609638,3.1592861863846844
2913,High Neb,He II 8236.78,False,8236.78,8238.3087,0.9943061825246735,1.7727,55.63979255780543,64.52061245979617,0.05577840093586,1.2571580283510724
2918,Neutral,N I 8242.39,False,8242.39,8247.3458,0.11230191299955766,0.7492,180.25250726504302,27.24992502582382,0.1260321021802941,11.130709768095612
2937,Deep Neutral,UIL,False,,8272.1125,0.35190390748976086,0.633,,,0.0728938161965852,3.5521060533730235
2942,Deep Neutral,UIL,False,,8277.9314,0.7879451545467266,0.2514,,,0.0490409041348126,1.5864048313350883
2951,Deep Neutral,UIL+,True,,8288.1083,0.5694348001321676,0.1057,,,0.1451511407598918,2.195159129210001
2954,Deep Neutral,UIL,False,,8291.8937,0.21827187500310222,0.8682,,,0.1758036463674219,5.726802869046844
2957,Med Neb,H I 8292.31,False,8292.31,,-0.5825135112312106,,,,-0.1884553512240725,-2.1458729727280974
2963,Deep Neutral,UIL+,True,,8303.8077,0.22424918218457518,1.1881,,,0.2925144780500814,5.5741563372621314
2967,Deep Neutral?,UIL+,True,,,8.492702095808385,,,,0.0106306514623949,0.1471851933458191
2969,Med Neb,H I 8306.11+,True,8306.11,8310.5456,0.1530526148346585,0.3865,160.09412669763168,13.94994588525796,0.2002231912246743,8.16712606544073
2975,Med Neb,H I 8314.26,False,8314.26,8318.5366,0.10302457466918657,0.8799,154.20403329731934,31.727103048762,0.1473252334028754,12.133027522935848
2982,Med Neb,H I 8323.42,False,8323.42,8327.656,0.14024332400775888,0.8735,152.57200190405334,31.461672252872017,0.1584398441278562,8.913080239960973
2987,Deep Neutral?,UIL,False,,8334.6002,0.33067702343123134,1.5398,,,0.0951089266166285,3.780123538761543
2991,Deep Neutral,UIL+,True,,8338.3058,0.3821921608016426,1.5684,,,1.071999390209967,3.2706060673200175
3000,Med Neb,H I 8345.55,False,8345.55,8349.0283,0.6965626728819182,0.6059,124.9489975689561,21.765401956995046,0.1241003443031631,1.7945262481957611
3011,Med Neb,H I 8359.00+,True,8359.0,8364.3062,0.0794693683536353,0.6911,190.30490975473975,24.786047101782508,0.2262882998167447,15.729331010126483
3023,Med Neb,H I 8374.48,False,8374.48,8378.1761,0.18258760383619255,0.1508,132.3142337212707,5.398389233289708,0.1029020680777479,6.846028830749269
3034,Deep Neutral?,UIL,False,,8393.1064,0.5969834693582667,0.3071,,,0.0350380882026819,2.0938603230399324
3037,Med Neb,H I 8392.40+,True,8392.4,,-0.42046566058827634,,,,-0.9111168525823848,-2.9728943815557174
3045,Deep Neutral??,UIL,False,,,-1.0365086026017594,,,,-0.0189617084093466,-1.205971659919032
3054,Med Neb,H I 8413.32+,True,8413.32,8413.711,0.9589865040913867,2.857,13.932532113111895,101.80369372685219,0.8448494980603692,1.3034594279137854
3074,Med Neb,H I 8437.96,False,8437.96,8442.3149,0.05977862035225034,0.7761,154.72533353373106,27.57407319468213,0.3252852034301675,20.91048593350389
3081,Neutral,O I 8446.48,False,8446.48,8451.8465,0.03315657058581123,0.4681,190.47416507906564,16.614358832294638,0.7337536631386854,37.69991823385123
3091,Deep Neutral,UIL+,True,,8464.1192,0.8102546193079576,0.9118,,,0.3605336997869227,1.5427249289459541
3098,Med Neb,H I 8467.26,False,8467.26,8471.4493,0.2979660772261419,0.7324,148.32667761464756,25.93141066167804,0.300827679748148,4.195108421860084
3104,Deep Neutral,UIL,False,,8480.2904,0.19217525288705145,1.0534,,,0.0286731718698952,6.504479537407824
3122,Deep Neutral,UIL,False,,,-0.030916069261916677,,,,-0.2644545115341986,-40.4320481174425
3126,Med Neb,H I 8502.49,False,8502.49,8506.7774,0.06196796201916228,0.483,151.17103159539394,17.03027668530042,0.3049648753644594,20.171713886822097
3138,Med Neb,He I 8518.04,False,8518.04,8522.5999,0.22311477527955237,1.4166,160.48570201991464,49.85724368549572,0.047744634588989,5.602497631247453
3142,Deep Neutral,UIL,False,,8528.3795,0.4759484267221198,1.0156,,,0.0214621873904332,2.626334976267936
3147,Med Neb,He I 8528.95,False,8528.95,8533.2972,0.2610550792372607,1.1013,152.8040114454472,38.71067763269804,0.0504070325184351,4.788261556343571
3160,Med Neb,H I 8545.38+,True,8545.38,8549.6388,0.09396780103767345,1.0077,149.40893443367392,35.35253668375193,0.8819290167453963,13.302428983081679
3164,Deep Neutral,UIL,False,,8555.4767,0.26498492616799385,0.9418,,,0.1037481362244232,4.717249460475088
3172,Deep Neutral,UIL,False,,8565.8601,0.3036458160118935,0.9904,,,0.0418299196553506,4.116638313735365
3187,Low Neb,[Cl II] 8578.69+,True,8578.69,8584.0049,0.12278466350052099,0.5888,185.73546019544,20.576311682832692,0.0686934237087239,10.18042452830191
3190,Med Neb,He I 8582.61+,True,8582.61,8588.1495,0.4157040532976369,0.4051,193.49595532019814,14.150232241217997,0.039741916614473,3.0069468654062455
3202,Med Neb,H I 8598.39,False,8598.39,8602.8159,0.048773525474446765,0.7433,154.31394015184878,25.91598357732087,0.6062813304833213,25.628657921291648
3213,Deep Neutral,UIL,False,,8617.0177,0.4697944978466768,0.4403,,,0.0191180352776263,2.6607378454397157
3218,"Fe, Ni",[Fe II] 8616.95,False,8616.95,8623.1787,0.24521975281746602,1.2699,216.70281052396712,44.1811130869043,0.0314752874749391,5.097468640425803
3221,Deep Neutral,UIL,False,,,-1.400501672240801,,,,-0.0237916525992221,-0.8925373134328368
3228,Neutral?,N I 8629.24,False,8629.24,8635.7253,0.13598111658456502,0.4962,225.30883691582153,17.238716000435726,0.0775337334203412,9.19245283018867
3244,Deep Neutral,UIL+,True,,8654.8747,0.42772362126545715,0.6683,,,0.0881564278082882,2.9224479029279875
3252,Deep Neutral,UIL,False,,8664.7309,0.05220051063271533,0.8533,,,0.3479280606107696,23.946125906603577
3256,Med Neb,H I 8665.02,False,8665.02,8669.5898,0.060159823914453944,0.8094,158.10599105001387,28.003630171101737,0.9688454277019022,20.777986348122873
3263,Deep Neutral,UIL+,True,,,1.6520162137341792,,,,0.0681667015055278,0.7566511694062185
3268,Neutral,N I 8680.282,False,8680.282,,3.0935253629068358,,,,0.0132498929025206,0.40406974353216085
3272,Deep Neutral,UIL+,True,,8687.1848,0.8178781184235105,2.0999,,,0.0984931992033298,1.5283450820391429
3278,Deep Neutral??,UIL+,True,,8698.2741,0.30875331863259853,1.3073,,,0.0542492685973734,4.048539479789169
3280,Neutral?,UIL+,True,,8700.0556,0.21584921070405766,1.3667,,,0.0697191201232806,5.791079781680674
3286,Neutral,N I 8703.247,False,8703.247,8707.9708,0.11656683772520228,0.9258,162.71623833039862,31.890150608893443,0.07141901850972,10.723461529828773
3293,Neutral,N I 8711.703,False,8711.703,8717.0341,0.26052350075320463,0.8958,183.45707754777365,30.82681811769754,0.0370329461264943,4.798031641621966
3299,Neutral,N I 8718.837,False,8718.837,8725.2334,0.865336130833036,1.1246,219.9367276106996,38.668758031237424,0.0209654134327522,1.4445253762796872
3306,Deep Neutral,[C I] 8727.13,False,8727.13,,-2.1182266009852198,,,,-0.0129222889033902,-0.5901162790697679
3311,Med Neb,He I 8733.43,False,8733.43,8737.7613,0.2556390977443588,0.3807,148.68053826908195,13.068289178547259,0.0264572725392687,4.889705882352982
3315,Deep Neutral,UIL,False,,8744.267,0.6277110513192803,0.2273,,,0.0210585585498174,1.9913621042242846
3324,Med Neb,H I 8750.47,False,8750.47,8754.8343,0.06225595962461641,0.8544,149.52159420576587,29.271876380948683,1.0657944227751204,20.078399040623605
3346,Med Neb,He I 8776.71+,True,8776.71,,2.924577215810768,,,,0.0121243894046497,0.4274122061959194
3355,Deep Neutral,UIL,False,,,-3.520757299270069,,,,-0.0087209535948988,-0.35503725299643707
3372,Deep Neutral,UIL,False,,8819.1343,0.924683484686006,2.7512,,,0.1109746448900627,1.3518139133029519
3397,Deep  Neutral,UIL,False,,,-0.035620301670071616,,,,-0.085445120721117,-35.09234738037767
3405,Deep Neutral,UIL,False,,8857.2703,0.4175261826151813,1.4155,,,0.0786843376408033,2.9938242247961715
3412,Deep Neutral??,UIL,False,,,2.1406841706639748,,,,0.1575898594406669,0.5839254651059937
3414,Med Neb,H I 8862.79,False,8862.79,8867.4557,0.052883093866700356,0.8025,157.8218226191152,27.145339960102852,1.8857072880356711,23.63704368641535
3435,Deep Neutral?,UIL,False,,,-1.164589750770092,,,,-0.0284147128534522,-1.073339344755035
3439,Deep Neutral,UIL,False,,,-7.731157715079172,,,,-0.0283782123325221,-0.1616834174216816
3481,Deep Neutral,UIL,False,,8952.3043,0.4847003447634172,0.9448,,,0.159301436460709,2.5789129582941115
3494,"Fe, Ni?",UIL,False,,,-0.20475591117504144,,,,-0.0885065390839959,-6.104829857299708
3536,Med Neb,H I 9014.91,False,9014.91,9019.4507,0.020169412601828012,0.7019,151.0017974711304,23.341811096306007,1.5208435963016471,61.975032425421695
3539,Deep Neutral,UIL,False,,,1.355329805871702,,,,0.1161053884217359,0.9222847417540874
3548,Deep Neutral,UIL,False,,,4.835470227946109,,,,0.0135759008122487,0.2585063998069416
3552,Deep Neutral??,UIL,False,,,-1.2011198009242794,,,,-0.0447665008438875,-1.0406955234924165
3561,Deep Neutral??,UIL+,True,,,-0.8316525423728814,,,,-0.2347336962130611,-1.503031538187191
3564,Deep Neutral,UIL,False,,,1.2985639987574784,,,,0.031871154222466,0.9626017671797874
3570,Deep Neutral,UIL,False,,,2.1259123538677787,,,,0.0343317377316043,0.5879828477998222
3574,Med Neb,He I 9063.29,False,9063.29,9067.2355,0.5140846776118592,1.6834,130.50792185166128,55.682938954529746,0.7005599496333302,2.4315060425585506
3579,Med Neb,[S III] 9068.90,False,9068.9,9073.4923,0.0379989873259054,0.7884,151.80858812794,26.062297950931207,9.648995144831884,32.89561348777908
3591,Deep Neutral?,UIL,False,,,1.9359224966269826,,,,0.0431727617597068,0.6456870056409353
3603,Deep Neutral,UIL,False,,9103.1745,0.089439673919074,0.8992,,,0.2680095501688526,13.975900685092098
3615,Deep Neutral,UIL,False,,,-0.23587315900210334,,,,-0.1323659334408227,-5.299458426250413
3622,Low Neb?,[Cl II] 9123.60,False,9123.6,9125.739,0.5462736734841929,1.7604,70.28542106863128,57.84500011653294,0.0725755703799459,2.2882303516978295
3640,Deep Neutral,UIL,False,,,1.3332672482157042,,,,0.0200677417576047,0.9375464684014854
3649,Deep Neutral?,UIL,False,,9160.7222,0.3952749106931921,0.0473,,,0.0314287149164065,3.162356036733725
3654,Deep Neutral?,UIL,False,,,-0.242273820927435,,,,-0.0438868743238731,-5.159451381147762
3687,Neutral,Ca I] 9204.09,False,9204.09,9209.4091,0.4609151361372659,0.0874,173.2518981613592,2.846762779286165,0.0214932357627882,2.7119959879723616
3692,Med Neb,He I 9210.28,False,9210.28,9215.4396,0.17794320600155203,0.5561,167.94377220850112,18.100924824630738,0.0572376744365477,7.024713267159509
3699,"Fe, Ni?",Fe I] 9218.47,False,9218.47,9225.4188,0.34433001358080434,0.3189,225.98086582159902,10.37089830049889,0.0351543549108238,3.6302382908792263
3707,Med Neb,H I 9229.01,False,9229.01,9233.6929,0.05290155506632498,0.9165,152.11795214959537,29.77131759061914,2.5951859653905345,23.628795002960132
3711,Deep Neutral,UIL+,True,,9240.0234,0.48650537578681724,1.5888,,,0.3330403660665197,2.569344681913114
3720,Neutral,Ca I] 9244.31,False,9244.31,9249.2088,0.3531391630970495,1.0288,158.867810929172,33.36392665222174,0.0636258770486007,3.5396810397278866
3736,Deep Neutral??,UIL,False,,9267.7845,0.717155241800415,1.8198,,,0.0306369814213525,1.7429977878456004
3762,Deep Neutral?,UIL,False,,,-0.5660675891541581,,,,-0.1399350142042422,-2.208216870122881
